<?xml version="1.0" encoding="UTF-8"?>
<!--
	IBM Confidential
	OCO Source Materials
	5724-T73, 5724-L77
	(c) Copyright IBM Corporation 2004, 2008
	The source code for this program is not published or otherwise
	divested of its trade secrets, irrespective of what has been
	deposited with the U.S. Copyright Office.
-->
<connector version="1.5" xmlns="http://java.sun.com/xml/ns/j2ee" xmlns:xsi="http://www.w3.org/2001/XMLSchema-instance"
	xsi:schemaLocation="http://java.sun.com/xml/ns/j2ee http://java.sun.com/xml/ns/j2ee/connector_1_5.xsd">
	<display-name>IBM WebSphere Adapter for JD Edwards EnterpriseOne</display-name>
	<vendor-name>IBM</vendor-name>
	<eis-type>JD Edwards EnterpriseOne</eis-type>
	<resourceadapter-version>7.0.0.1_IF03</resourceadapter-version>
	<license>
		<description />
		<license-required>true</license-required>
	</license>
	<resourceadapter>
		<resourceadapter-class>com.ibm.j2ca.jde.JDEResourceAdapter</resourceadapter-class>
		<config-property>
			<config-property-name>logFilename</config-property-name>
			<config-property-type>java.lang.String</config-property-type>
		</config-property>
		<config-property>
			<config-property-name>logNumberOfFiles</config-property-name>
			<config-property-type>java.lang.Integer</config-property-type>
		</config-property>
		<config-property>
			<config-property-name>threadContextPropagationRequired</config-property-name>
			<config-property-type>java.lang.Boolean</config-property-type>
		</config-property>
		<config-property>
			<config-property-name>traceFileSize</config-property-name>
			<config-property-type>java.lang.Integer</config-property-type>
		</config-property>
		<config-property>
			<config-property-name>traceFilename</config-property-name>
			<config-property-type>java.lang.String</config-property-type>
		</config-property>
		<config-property>
			<config-property-name>logFileSize</config-property-name>
			<config-property-type>java.lang.Integer</config-property-type>
		</config-property>
		<config-property>
			<description></description>
			<config-property-name>traceNumberOfFiles</config-property-name>
			<config-property-type>java.lang.Integer</config-property-type>
		</config-property>
		<config-property>
			<description>Amount of time in milliseconds to wait for a response from the EIS.</description>
			<config-property-name>timeout</config-property-name>
			<config-property-type>java.lang.Integer</config-property-type>
			<config-property-value>30000</config-property-value>
		</config-property>
		<outbound-resourceadapter>
			<connection-definition>
				<managedconnectionfactory-class>com.ibm.j2ca.jde.outbound.JDEManagedConnectionFactory</managedconnectionfactory-class>
				<config-property>
					<config-property-name>password</config-property-name>
					<config-property-type>java.lang.String</config-property-type>
				</config-property>
				<config-property>
					<config-property-name>userName</config-property-name>
					<config-property-type>java.lang.String</config-property-type>
				</config-property>
				<config-property>
					<config-property-name>biDiContextEIS</config-property-name>
					<config-property-type>java.lang.String</config-property-type>
				</config-property>
				<config-property>
					<config-property-name>reauthSupported</config-property-name>
					<config-property-type>java.lang.Boolean</config-property-type>
				</config-property>
				<config-property>
					<config-property-name>biDiContextMetadata</config-property-name>
					<config-property-type>java.lang.String</config-property-type>
				</config-property>
				<config-property>
					<description>Environment name to which to connect.</description>
					<config-property-name>environment</config-property-name>
					<config-property-type>java.lang.String</config-property-type>
					<config-property-value></config-property-value>
				</config-property>
				<config-property>
					<description>Role name to use to connect.</description>
					<config-property-name>role</config-property-name>
					<config-property-type>java.lang.String</config-property-type>
					<config-property-value></config-property-value>
				</config-property>
				<config-property>
					<description>Amount of time in milliseconds to wait for a response from the EIS.</description>
					<config-property-name>timeout</config-property-name>
					<config-property-type>java.lang.Integer</config-property-type>
				</config-property>
				<connectionfactory-interface>javax.resource.cci.ConnectionFactory</connectionfactory-interface>
				<connectionfactory-impl-class>com.ibm.j2ca.jde.outbound.JDEConnectionFactory</connectionfactory-impl-class>
				<connection-interface>javax.resource.cci.Connection</connection-interface>
				<connection-impl-class>com.ibm.j2ca.jde.outbound.JDEConnection</connection-impl-class>
			</connection-definition>
			<transaction-support>NoTransaction</transaction-support>
			<authentication-mechanism>
				<authentication-mechanism-type>BasicPassword</authentication-mechanism-type>
				<credential-interface>javax.resource.spi.security.PasswordCredential</credential-interface>
			</authentication-mechanism>
			<reauthentication-support>false</reauthentication-support>
		</outbound-resourceadapter>
		<inbound-resourceadapter>
			<messageadapter>
				<messagelistener>
					<messagelistener-type>com.ibm.j2ca.base.ExtendedInboundListener</messagelistener-type>
					<activationspec>
						<activationspec-class>com.ibm.j2ca.jde.inbound.JDEActivationSpecWithXid</activationspec-class>
						<!-- required config property names for ActivationSpec -->
						<required-config-property>
							<config-property-name>Username</config-property-name>
						</required-config-property>
						<required-config-property>
							<config-property-name>Password</config-property-name>
						</required-config-property>
						<required-config-property>
							<config-property-name>Environment</config-property-name>
						</required-config-property>
						<required-config-property>
							<config-property-name>Role</config-property-name>
						</required-config-property>
					</activationspec>
				</messagelistener>
			</messageadapter>
		</inbound-resourceadapter>
		<security-permission>
			<security-permission-spec>grant { permission java.security.AllPermission; };</security-permission-spec>
		</security-permission>
	</resourceadapter>
</connector>