<?xml version="1.0" encoding="UTF-8"?>
<BookSeries xmlns="http://www.ibm.com/book-ns" xmlns:xsi="http://www.w3.org/2001/XMLSchema-instance"
	xsi:schemaLocation="book-ns BookSeries.xsd">
	<Title>Readings in Mathematics</Title>
	<seriesInfo>
		<Editor>K. Gausser</Editor>
		<PubDate>1984</PubDate>
	</seriesInfo>
	<Volume>
		<Title>The Calculus</Title>
		<Editor>J. Hui</Editor>
		<Editor>P. Schwarz</Editor>
		<Editor>S. Knoop</Editor>
		<volumeInfo>
			<VolPubDate>1990</VolPubDate>
			<VolPubLoc>Paris, TX</VolPubLoc>
		</volumeInfo>
		<Section secType='MONO'>T1
			<Title>Derivatives</Title>
			T1.1
			<Author>D. Grurhl</Author>
			T1.2
			<Author>V. Bhagwain</Author>
			T1.3
		</Section>
		<Section secType='MONO'>T2
			<Title>Integration</Title>
			T2.1
			<Author>H. Hsiaao</Author>
			T2.2
			<Author>S. Welches</Author>
			T2.3
		</Section>
		<Section secType='MONO'>T3
			<Title>Broker Antics</Title>
			T3.1
			<Author>D. Storey</Author>
			T3.2
			<Author>C. Church</Author>
			T3.3
			<Author>N. Lincoln</Author>
			T3.4
			<Author>J. Wesley</Author>
			T3.5
		</Section>

		<Media mediaType='DVD'>
			<Title>The Bhagwanaby Lectures</Title>
		</Media>
		<Media mediaType='DVD'>
			<Title>Derivatives For Dummies</Title>
		</Media>
		<Media mediaType='SW'>
			<Title>Numerical Integration in Java</Title>
		</Media>
		<Media mediaType='SW'>
			<Title>Symbolic Differentiator</Title>
		</Media>
		<Appendix>
			<Bibliography>
				<entry>
					<Name>Line Integrals</Name>
					<Author>J. Riemanner</Author>
				</entry>
				<entry>
					<Name>Completing the Square</Name>
					<Author>S. Rubikella</Author>
				</entry>
			</Bibliography>
		</Appendix>
		<Appendix>
			<References>
				<Reference>A Mathematical Life</Reference>
				<Reference>The Curious Mathematician</Reference>
				<Reference>My Sundays With Leibniz</Reference>
			</References>
		</Appendix>
	</Volume>
	<Volume>
		<Title>Set Theory</Title>
		<Editor>J. Timmet</Editor>
		<Editor>A. Webstery</Editor>
		<volumeInfo>
			<VolPubDate>1991</VolPubDate>
			<VolPubLoc>Cleveland, OH</VolPubLoc>
		</volumeInfo>
		<Section secType='MONO'>T2
			<Title>Groups and Fields</Title>
			<Author>B. Codyer</Author>
			<Author>N. Megiddor</Author>
		</Section>
		<Section secType='SURV'>T1
			<Title>Advanced Topics</Title>
			<Editor>R. Fagint</Editor>
			<Editor>D. Woodruffs</Editor>
			<Paper>
				<Title>P=NP</Title>
				<Author>C. Gables</Author>
				<Author>M. Loys</Author>
			</Paper>
			<Paper>
				<Title>P!=NP</Title>
				<Author>B. Bondser</Author>
				<Author>T. Lincecumer</Author>
			</Paper>
		</Section>
		<Section secType='SURV'>T2
			<Title>Recent Advances</Title>
			<Editor>J. Montana</Editor>
			<Editor>K. Brannon</Editor>
			<Paper>
				<Title>Abelian Groups and Global Warming</Title>
				<Author>R. Wooded</Author>
				<Author>M. Jaggered</Author>
			</Paper>
			<Paper>
				<Title>Sets Considered Harmful</Title>
				<Author>G. Harrisoned</Author>
				<Author>R. Starred</Author>
			</Paper>
		</Section>
		<Media mediaType='DVD'>
			<Title>Unsolved Problems</Title>
		</Media>
		<Media mediaType='SW'>
			<Title>Set Theorem-Prover</Title>
		</Media>
		<Appendix>
			<Bibliography>
				<entry>
					<Name>A Group Apart</Name>
					<Author>H. Chavezui</Author>
				</entry>
				<entry>
					<Name>Outstanding In His Field</Name>
					<Author>B. Obaman</Author>
				</entry>
			</Bibliography>
		</Appendix>
		<Appendix>
			<References>
				<Reference>The Field Manual</Reference>
				<Reference>Table of Formulae</Reference>
				<Reference>Vectors For Fun and Profit</Reference>
			</References>
		</Appendix>
	</Volume>
</BookSeries>
