<?xml version="1.0" encoding="UTF-8"?>
<connector xmlns="http://java.sun.com/xml/ns/j2ee"
	xmlns:xsi="http://www.w3.org/2001/XMLSchema-instance"
	xsi:schemaLocation="http://java.sun.com/xml/ns/j2ee http://java.sun.com/xml/ns/j2ee/connector_1_5.xsd"
	version="1.5">
	<display-name>IBM WebSphere Adapter for SAP Software with transaction support</display-name>
	<vendor-name>IBM</vendor-name>
	<eis-type>SAP</eis-type>
	<resourceadapter-version>7.0.0.0</resourceadapter-version>
	<license>
		<description></description>
		<license-required>true</license-required>
	</license>
	<resourceadapter>
		<!-- ResourceAdapter default configuration properties -->
		<resourceadapter-class>com.ibm.j2ca.sap.SAPResourceAdapter</resourceadapter-class>
		<config-property>
			<config-property-name>PartnerCharset</config-property-name>
			<config-property-type>java.lang.String</config-property-type>
			<config-property-value></config-property-value>
		</config-property>

		<outbound-resourceadapter>
			<connection-definition>
				<managedconnectionfactory-class>com.ibm.j2ca.sap.SAPManagedConnectionFactory</managedconnectionfactory-class>
				<config-property>
					<config-property-name>Client</config-property-name>
					<config-property-type>java.lang.Integer</config-property-type>
					<config-property-value></config-property-value>
				</config-property>
				<config-property>
					<config-property-name>Username</config-property-name>
					<config-property-type>java.lang.String</config-property-type>
					<config-property-value></config-property-value>
				</config-property>
				<config-property>
					<config-property-name>Password</config-property-name>
					<config-property-type>java.lang.String</config-property-type>
					<config-property-value></config-property-value>
				</config-property>
				<config-property>
					<config-property-name>Language</config-property-name>
					<config-property-type>java.lang.String</config-property-type>
					<config-property-value></config-property-value>
				</config-property>
				<config-property>
					<config-property-name>ApplicationServerHost</config-property-name>
					<config-property-type>java.lang.String</config-property-type>
					<config-property-value></config-property-value>
				</config-property>
				<config-property>
					<config-property-name>SystemNumber</config-property-name>
					<config-property-type>java.lang.Integer</config-property-type>
					<config-property-value></config-property-value>
				</config-property>
				<config-property>
					<config-property-name>GatewayHost</config-property-name>
					<config-property-type>java.lang.String</config-property-type>
					<config-property-value></config-property-value>
				</config-property>
				<config-property>
					<config-property-name>GatewayService</config-property-name>
					<config-property-type>java.lang.String</config-property-type>
					<config-property-value></config-property-value>
				</config-property>
				<config-property>
					<config-property-name>Group</config-property-name>
					<config-property-type>java.lang.String</config-property-type>
					<config-property-value></config-property-value>
				</config-property>
				<config-property>
					<config-property-name>MessageServerHost</config-property-name>
					<config-property-type>java.lang.String</config-property-type>
					<config-property-value></config-property-value>
				</config-property>
				<config-property>
					<config-property-name>SAPSystemID</config-property-name>
					<config-property-type>java.lang.String</config-property-type>
					<config-property-value></config-property-value>
				</config-property>
				<config-property>
					<config-property-name>ABAPDebug</config-property-name>
					<config-property-type>java.lang.Boolean</config-property-type>
					<config-property-value></config-property-value>
				</config-property>
				<config-property>
					<config-property-name>RFCTraceOn</config-property-name>
					<config-property-type>java.lang.Boolean</config-property-type>
					<config-property-value></config-property-value>
				</config-property>
				<config-property>
					<config-property-name>RFCTraceLevel</config-property-name>
					<config-property-type>java.lang.String</config-property-type>
					<config-property-value></config-property-value>
				</config-property>
				<config-property>
					<config-property-name>RFCTracePath</config-property-name>
					<config-property-type>java.lang.String</config-property-type>
					<config-property-value></config-property-value>
				</config-property>								
				<connectionfactory-interface>javax.resource.cci.ConnectionFactory</connectionfactory-interface>
				<connectionfactory-impl-class>com.ibm.j2ca.sap.SAPConnectionFactory</connectionfactory-impl-class>
				<connection-interface>javax.resource.cci.Connection</connection-interface>
				<connection-impl-class>com.ibm.j2ca.sap.SAPConnection</connection-impl-class>
			</connection-definition>
			<!-- this transaction value is set at build time-->
			<transaction-support>LocalTransaction</transaction-support>
			<authentication-mechanism>
				<authentication-mechanism-type>BasicPassword</authentication-mechanism-type>
				<credential-interface>javax.resource.spi.security.PasswordCredential</credential-interface>
			</authentication-mechanism>
			<reauthentication-support>false</reauthentication-support>
		</outbound-resourceadapter>

		<inbound-resourceadapter>
			<messageadapter>
				<messagelistener>
					<messagelistener-type>commonj.connector.runtime.InboundListener</messagelistener-type>
					<activationspec>
						<activationspec-class>com.ibm.j2ca.sap.SAPActivationSpec</activationspec-class>
					</activationspec>
				</messagelistener>
				<messagelistener>
					<messagelistener-type>com.ibm.j2ca.base.ExtendedInboundListener</messagelistener-type>
					<activationspec>
						<activationspec-class>com.ibm.j2ca.sap.SAPActivationSpecWithXid</activationspec-class>
					</activationspec>
				</messagelistener>
				<messagelistener>
					<messagelistener-type>com.ibm.j2ca.sap.SAPRfcServerListner</messagelistener-type>
					<activationspec>
						<activationspec-class>com.ibm.j2ca.sap.SAPRFCActivationSpec</activationspec-class>
					</activationspec>
				</messagelistener>
				<messagelistener>
					<messagelistener-type>com.ibm.j2ca.sap.SAPtRfcServerListner</messagelistener-type>
					<activationspec>
						<activationspec-class>com.ibm.j2ca.sap.SAPtRFCActivationSpec</activationspec-class>
					</activationspec>
				</messagelistener>
				<!-- Addition of message listener for AEP interface-->
				<messagelistener>
					<messagelistener-type>com.ibm.j2ca.sap.SAPAEPListner</messagelistener-type>
					<activationspec>
						<activationspec-class>com.ibm.j2ca.sap.aep.inbound.SAPAEPActivationSpecWithXid</activationspec-class>
					</activationspec>
				</messagelistener>			
				<!-- Addition of message listener for ALE unparsed IDoc interface-->
				<messagelistener>
					<messagelistener-type>com.ibm.j2ca.sap.SAPPassThroughListener</messagelistener-type>
					<activationspec>
						<activationspec-class>com.ibm.j2ca.sap.SAPPassThroughActivationSpec</activationspec-class>
					</activationspec>
				</messagelistener>			
			</messageadapter>
		</inbound-resourceadapter>
		<security-permission>
            		<security-permission-spec>
      				grant { permission java.security.AllPermission;};
            		</security-permission-spec>
        	</security-permission>
	</resourceadapter>
</connector>
