<?xml version="1.0" encoding="UTF-8"?><configuration xmlns="http://j2ca.adapter.ibm.com">
<applicationEntry uri="C:\Temp\JDE898.2\tnsnames.ora"/>
<applicationEntry uri="C:\Temp\JDE898.2\classes12.zip"/>
<applicationEntry uri="C:\Temp\JDE898.2\ApplicationAPIs_JAR.jar"/>
<applicationEntry uri="C:\Temp\JDE898.2\ApplicationLogic_JAR.jar"/>
<applicationEntry uri="C:\Temp\JDE898.2\Base_JAR.jar"/>
<applicationEntry uri="C:\Temp\JDE898.2\BizLogicContainerClient_JAR.jar"/>
<applicationEntry uri="C:\Temp\JDE898.2\BizLogicContainer_JAR.jar"/>
<applicationEntry uri="C:\Temp\JDE898.2\BusinessLogicServices_JAR.jar"/>
<applicationEntry uri="C:\Temp\JDE898.2\castor.jar"/>
<applicationEntry uri="C:\Temp\JDE898.2\commons-httpclient-3.0.jar"/>
<applicationEntry uri="C:\Temp\JDE898.2\commons-logging.jar"/>
<applicationEntry uri="C:\Temp\JDE898.2\Connector.jar"/>
<applicationEntry uri="C:\Temp\JDE898.2\EventProcessor_EJB.jar"/>
<applicationEntry uri="C:\Temp\JDE898.2\EventProcessor_JAR.jar"/>
<applicationEntry uri="C:\Temp\JDE898.2\Generator_JAR.jar"/>
<applicationEntry uri="C:\Temp\JDE898.2\jdbj.ini"/>
<applicationEntry uri="C:\Temp\JDE898.2\JdbjBase_JAR.jar"/>
<applicationEntry uri="C:\Temp\JDE898.2\JdbjInterfaces_JAR.jar"/>
<applicationEntry uri="C:\Temp\JDE898.2\jdeinterop.ini"/>
<applicationEntry uri="C:\Temp\JDE898.2\jdelog.properties"/>
<applicationEntry uri="C:\Temp\JDE898.2\JdeNet_JAR.jar"/>
<applicationEntry uri="C:\Temp\JDE898.2\jmxremote.jar"/>
<applicationEntry uri="C:\Temp\JDE898.2\jmxremote_optional.jar"/>
<applicationEntry uri="C:\Temp\JDE898.2\jmxri.jar"/>
<applicationEntry uri="C:\Temp\JDE898.2\log4j.jar"/>
<applicationEntry uri="C:\Temp\JDE898.2\ManagementAgent_JAR.jar"/>
<applicationEntry uri="C:\Temp\JDE898.2\Metadata.jar"/>
<applicationEntry uri="C:\Temp\JDE898.2\MetadataInterface.jar"/>
<applicationEntry uri="C:\Temp\JDE898.2\PMApi_JAR.jar"/>
<applicationEntry uri="C:\Temp\JDE898.2\Spec_JAR.jar"/>
<applicationEntry uri="C:\Temp\JDE898.2\SystemInterfaces_JAR.jar"/>
<applicationEntry uri="C:\Temp\JDE898.2\System_JAR.jar"/>
<applicationEntry uri="C:\Temp\JDE898.2\xalan.jar"/>
<applicationEntry uri="C:\Temp\JDE898.2\xerces.jar"/>
<applicationEntry uri="C:\Temp\JDE898.2\xmlparserv2.jar"/>
</configuration>