TD,Montana,IB9QMGR,ROUTING.OUT1,,
DL,Corleone,IB9QMGR,ROUTING.OUT2,,
AA,Pacino,IB9QMGR,ROUTING.OUT3,,
RJ,DeNiro,IB9QMGR,ROUTING.OUT4,,
KF,Cobain,IB9QMGR,ROUTING.OUT5,,
JE,Matrix,IB9QMGR,ROUTING.OUT6,,
PL,Parker,IB9QMGR,ROUTING.OUT7,,
CJ,Kent,IB9QMGR,ROUTING.OUT8,,
MA,Douglas,IB9QMGR,ROUTING.OUT9,,
JD,Travolta,IB9QMGR,ROUTING.OUT10,,
HO<,Ramsden,IB9QMGR,ROUTING.OUT11,,
KA,Stewart,IB9QMGR,ROUTING.OUT12,,
LS,Skywalker,IB9QMGR,ROUTING.OUT13,,
KD,Minogue,IB9QMGR,ROUTING.OUT14,,
PP,Pitstop,IB9QMGR,ROUTING.OUT15,,
JA,Reeve,IB9QMGR,ROUTING.OUT16,,
JA,Hetfield,IB9QMGR,ROUTING.OUT17,,
DT,Zuko,IB9QMGR,ROUTING.OUT18,,
KA,Braithwaite,IB9QMGR,ROUTING.OUT19  ,,              
