<?xml version="1.0" encoding="UTF-8"?>
<discriminatedElements xmlns="http://www.ibm.com/wmb/da">
<discriminatedElement><id>http://www.ibm.com/book-ns References RefList</id>
<name>References</name>
<namespace>http://www.ibm.com/book-ns</namespace>
<typename>RefList</typename>
<docCount>2</docCount>
<totalCount>4</totalCount>
</discriminatedElement>
<discriminatedElement><id>http://www.ibm.com/book-ns Author http://www.w3.org/2001/XMLSchema:string</id>
<name>Author</name>
<namespace>http://www.ibm.com/book-ns</namespace>
<typename>http://www.w3.org/2001/XMLSchema:string</typename>
<docCount>3</docCount>
<totalCount>42</totalCount>
</discriminatedElement>
<discriminatedElement><id>http://www.ibm.com/book-ns Name http://www.w3.org/2001/XMLSchema:string</id>
<name>Name</name>
<namespace>http://www.ibm.com/book-ns</namespace>
<typename>http://www.w3.org/2001/XMLSchema:string</typename>
<docCount>2</docCount>
<totalCount>8</totalCount>
</discriminatedElement>
<discriminatedElement><id>http://www.ibm.com/book-ns Editor http://www.w3.org/2001/XMLSchema:string</id>
<name>Editor</name>
<namespace>http://www.ibm.com/book-ns</namespace>
<typename>http://www.w3.org/2001/XMLSchema:string</typename>
<docCount>3</docCount>
<totalCount>23</totalCount>
</discriminatedElement>
<discriminatedElement><id>http://www.ibm.com/book-ns Section Section Section^secType:MONO</id>
<name>Section</name>
<namespace>http://www.ibm.com/book-ns</namespace>
<typename>Section</typename>
<docCount>3</docCount>
<totalCount>11</totalCount>
</discriminatedElement>
<discriminatedElement><id>http://www.ibm.com/book-ns Section Section Section^secType:SURV</id>
<name>Section</name>
<namespace>http://www.ibm.com/book-ns</namespace>
<typename>Section</typename>
<docCount>2</docCount>
<totalCount>3</totalCount>
</discriminatedElement>
<discriminatedElement><id>http://www.ibm.com/book-ns entry BibEntry</id>
<name>entry</name>
<namespace>http://www.ibm.com/book-ns</namespace>
<typename>BibEntry</typename>
<docCount>2</docCount>
<totalCount>8</totalCount>
</discriminatedElement>
<discriminatedElement><id>http://www.ibm.com/book-ns PubDate http://www.w3.org/2001/XMLSchema:int</id>
<name>PubDate</name>
<namespace>http://www.ibm.com/book-ns</namespace>
<typename>http://www.w3.org/2001/XMLSchema:int</typename>
<docCount>3</docCount>
<totalCount>3</totalCount>
</discriminatedElement>
<discriminatedElement><id>http://www.ibm.com/book-ns BookSeries Series</id>
<name>BookSeries</name>
<namespace>http://www.ibm.com/book-ns</namespace>
<typename>Series</typename>
<docCount>3</docCount>
<totalCount>3</totalCount>
</discriminatedElement>
<discriminatedElement><id>http://www.ibm.com/book-ns VolPubDate http://www.w3.org/2001/XMLSchema:string</id>
<name>VolPubDate</name>
<namespace>http://www.ibm.com/book-ns</namespace>
<typename>http://www.w3.org/2001/XMLSchema:string</typename>
<docCount>3</docCount>
<totalCount>7</totalCount>
</discriminatedElement>
<discriminatedElement><id>http://www.ibm.com/book-ns Paper Paper</id>
<name>Paper</name>
<namespace>http://www.ibm.com/book-ns</namespace>
<typename>Paper</typename>
<docCount>2</docCount>
<totalCount>6</totalCount>
</discriminatedElement>
<discriminatedElement><id>http://www.ibm.com/book-ns Reference http://www.w3.org/2001/XMLSchema:string</id>
<name>Reference</name>
<namespace>http://www.ibm.com/book-ns</namespace>
<typename>http://www.w3.org/2001/XMLSchema:string</typename>
<docCount>2</docCount>
<totalCount>12</totalCount>
</discriminatedElement>
<discriminatedElement><id>http://www.ibm.com/book-ns Appendix AppendixType</id>
<name>Appendix</name>
<namespace>http://www.ibm.com/book-ns</namespace>
<typename>AppendixType</typename>
<docCount>2</docCount>
<totalCount>8</totalCount>
</discriminatedElement>
<discriminatedElement><id>http://www.ibm.com/book-ns volumeInfo VolumeInfo</id>
<name>volumeInfo</name>
<namespace>http://www.ibm.com/book-ns</namespace>
<typename>VolumeInfo</typename>
<docCount>3</docCount>
<totalCount>7</totalCount>
</discriminatedElement>
<discriminatedElement><id>http://www.ibm.com/book-ns seriesInfo SeriesInfo</id>
<name>seriesInfo</name>
<namespace>http://www.ibm.com/book-ns</namespace>
<typename>SeriesInfo</typename>
<docCount>3</docCount>
<totalCount>3</totalCount>
</discriminatedElement>
<discriminatedElement><id>http://www.ibm.com/book-ns Bibliography Bibliography</id>
<name>Bibliography</name>
<namespace>http://www.ibm.com/book-ns</namespace>
<typename>Bibliography</typename>
<docCount>2</docCount>
<totalCount>4</totalCount>
</discriminatedElement>
<discriminatedElement><id>http://www.ibm.com/book-ns Volume Volume</id>
<name>Volume</name>
<namespace>http://www.ibm.com/book-ns</namespace>
<typename>Volume</typename>
<docCount>3</docCount>
<totalCount>7</totalCount>
</discriminatedElement>
<discriminatedElement><id>http://www.ibm.com/book-ns Media Media Media^mediaType:SW</id>
<name>Media</name>
<namespace>http://www.ibm.com/book-ns</namespace>
<typename>Media</typename>
<docCount>3</docCount>
<totalCount>8</totalCount>
</discriminatedElement>
<discriminatedElement><id>http://www.ibm.com/book-ns Media Media Media^mediaType:DVD</id>
<name>Media</name>
<namespace>http://www.ibm.com/book-ns</namespace>
<typename>Media</typename>
<docCount>3</docCount>
<totalCount>8</totalCount>
</discriminatedElement>
<discriminatedElement><id>http://www.ibm.com/book-ns VolPubLoc http://www.w3.org/2001/XMLSchema:string</id>
<name>VolPubLoc</name>
<namespace>http://www.ibm.com/book-ns</namespace>
<typename>http://www.w3.org/2001/XMLSchema:string</typename>
<docCount>3</docCount>
<totalCount>7</totalCount>
</discriminatedElement>
<discriminatedElement><id>http://www.ibm.com/book-ns Title http://www.w3.org/2001/XMLSchema:string</id>
<name>Title</name>
<namespace>http://www.ibm.com/book-ns</namespace>
<typename>http://www.w3.org/2001/XMLSchema:string</typename>
<docCount>3</docCount>
<totalCount>46</totalCount>
</discriminatedElement>
</discriminatedElements>
