<?xml version="1.0" encoding="UTF-8"?>
<discriminatedElementMap xmlns="http://www.ibm.com/wmb/da">
<discriminator><id>Media^mediaType:SW</id>
<discriminatedElement><id>http://www.ibm.com/book-ns Media Media Media^mediaType:SW</id>
</discriminatedElement>
</discriminator>
<discriminator><id>Section^secType:MONO</id>
<discriminatedElement><id>http://www.ibm.com/book-ns Section Section Section^secType:MONO</id>
</discriminatedElement>
</discriminator>
<discriminator><id>Media^mediaType:DVD</id>
<discriminatedElement><id>http://www.ibm.com/book-ns Media Media Media^mediaType:DVD</id>
</discriminatedElement>
</discriminator>
<discriminator><id>Section^secType:SURV</id>
<discriminatedElement><id>http://www.ibm.com/book-ns Section Section Section^secType:SURV</id>
</discriminatedElement>
</discriminator>
</discriminatedElementMap>
