<?xml version="1.0" encoding="UTF-8"?>
<loadHistory xmlns="http://www.ibm.com/wmb/da">
<entry><startTime>2012-12-11T16:53:39.951Z</startTime>
<completionTime>2012-12-11T16:53:41.114Z</completionTime>
<numSuccessDocs>3</numSuccessDocs>
<numWarningDocs>0</numWarningDocs>
<numFailureDocs>0</numFailureDocs>
<docsList>DataAnalysisSample\bookxml\BookSeries1.xml##DataAnalysisSample\bookxml\BookSeries2.xml##DataAnalysisSample\bookxml\BookSeries3.xml</docsList>
<numAddedNodes>31</numAddedNodes>
<sqlString></sqlString>
</entry>
</loadHistory>
