<?xml version="1.0" encoding="UTF-8"?>
<paths xmlns="http://www.ibm.com/wmb/da">
<node><parent>-1</parent>
<nsuri></nsuri>
<name></name>
<id>0</id>
<compDiscId></compDiscId>
<xsdType></xsdType>
<totalCount>3</totalCount>
<docCount>3</docCount>
<minOcc>0</minOcc>
<maxOcc>0</maxOcc>
<minArity>1</minArity>
<maxArity>1</maxArity>
<creationTS>2012-12-11T16:51:37.622Z</creationTS>
<lastModTS>2012-12-11T16:51:37.622Z</lastModTS>
<childNodeGroup>1</childNodeGroup>
<lastSingletonAncestor>-1</lastSingletonAncestor>
</node>
<node><parent>0</parent>
<nsuri>http://www.ibm.com/book-ns</nsuri>
<name>BookSeries</name>
<id>1</id>
<compDiscId>http://www.ibm.com/book-ns BookSeries Series</compDiscId>
<xsdType>Series</xsdType>
<totalCount>3</totalCount>
<docCount>3</docCount>
<minOcc>1</minOcc>
<maxOcc>1</maxOcc>
<minArity>4</minArity>
<maxArity>5</maxArity>
<creationTS>2012-12-11T16:53:39.951Z</creationTS>
<lastModTS>2012-12-11T16:53:39.951Z</lastModTS>
<childNodeGroup>3,2,6</childNodeGroup>
<lastSingletonAncestor>-1</lastSingletonAncestor>
<attr><namespace></namespace>
<localname></localname>
<qname>xmlns:xsi</qname>
<type>Unavailable</type>
<origType></origType>
<origTypeNS></origTypeNS>
<optional>N</optional>
</attr>
<attr><namespace>http://www.w3.org/2001/XMLSchema-instance</namespace>
<localname>schemaLocation</localname>
<qname>xsi:schemaLocation</qname>
<type>List</type>
<origType></origType>
<origTypeNS>http://www.w3.org/2001/XMLSchema-instance</origTypeNS>
<optional>N</optional>
</attr>
<attr><namespace></namespace>
<localname></localname>
<qname>xmlns</qname>
<type>Unavailable</type>
<origType></origType>
<origTypeNS></origTypeNS>
<optional>N</optional>
</attr>
</node>
<node><parent>1</parent>
<nsuri>http://www.ibm.com/book-ns</nsuri>
<name>Title</name>
<id>2</id>
<compDiscId>http://www.ibm.com/book-ns Title http://www.w3.org/2001/XMLSchema:string</compDiscId>
<xsdType>http://www.w3.org/2001/XMLSchema:string</xsdType>
<totalCount>3</totalCount>
<docCount>3</docCount>
<minOcc>1</minOcc>
<maxOcc>1</maxOcc>
<minArity>0</minArity>
<maxArity>0</maxArity>
<creationTS>2012-12-11T16:53:39.951Z</creationTS>
<lastModTS>2012-12-11T16:53:39.951Z</lastModTS>
<childNodeGroup></childNodeGroup>
<lastSingletonAncestor>-1</lastSingletonAncestor>
</node>
<node><parent>1</parent>
<nsuri>http://www.ibm.com/book-ns</nsuri>
<name>seriesInfo</name>
<id>3</id>
<compDiscId>http://www.ibm.com/book-ns seriesInfo SeriesInfo</compDiscId>
<xsdType>SeriesInfo</xsdType>
<totalCount>3</totalCount>
<docCount>3</docCount>
<minOcc>1</minOcc>
<maxOcc>1</maxOcc>
<minArity>2</minArity>
<maxArity>2</maxArity>
<creationTS>2012-12-11T16:53:39.951Z</creationTS>
<lastModTS>2012-12-11T16:53:39.951Z</lastModTS>
<childNodeGroup>5,4</childNodeGroup>
<lastSingletonAncestor>-1</lastSingletonAncestor>
</node>
<node><parent>3</parent>
<nsuri>http://www.ibm.com/book-ns</nsuri>
<name>Editor</name>
<id>4</id>
<compDiscId>http://www.ibm.com/book-ns Editor http://www.w3.org/2001/XMLSchema:string</compDiscId>
<xsdType>http://www.w3.org/2001/XMLSchema:string</xsdType>
<totalCount>3</totalCount>
<docCount>3</docCount>
<minOcc>1</minOcc>
<maxOcc>1</maxOcc>
<minArity>0</minArity>
<maxArity>0</maxArity>
<creationTS>2012-12-11T16:53:39.951Z</creationTS>
<lastModTS>2012-12-11T16:53:39.951Z</lastModTS>
<childNodeGroup></childNodeGroup>
<lastSingletonAncestor>-1</lastSingletonAncestor>
</node>
<node><parent>3</parent>
<nsuri>http://www.ibm.com/book-ns</nsuri>
<name>PubDate</name>
<id>5</id>
<compDiscId>http://www.ibm.com/book-ns PubDate http://www.w3.org/2001/XMLSchema:int</compDiscId>
<xsdType>http://www.w3.org/2001/XMLSchema:int</xsdType>
<totalCount>3</totalCount>
<docCount>3</docCount>
<minOcc>1</minOcc>
<maxOcc>1</maxOcc>
<minArity>0</minArity>
<maxArity>0</maxArity>
<creationTS>2012-12-11T16:53:39.951Z</creationTS>
<lastModTS>2012-12-11T16:53:39.951Z</lastModTS>
<childNodeGroup></childNodeGroup>
<lastSingletonAncestor>-1</lastSingletonAncestor>
</node>
<node><parent>1</parent>
<nsuri>http://www.ibm.com/book-ns</nsuri>
<name>Volume</name>
<id>6</id>
<compDiscId>http://www.ibm.com/book-ns Volume Volume</compDiscId>
<xsdType>Volume</xsdType>
<totalCount>7</totalCount>
<docCount>3</docCount>
<minOcc>2</minOcc>
<maxOcc>3</maxOcc>
<minArity>10</minArity>
<maxArity>14</maxArity>
<creationTS>2012-12-11T16:53:39.951Z</creationTS>
<lastModTS>2012-12-11T16:53:39.951Z</lastModTS>
<childNodeGroup>8,7,9,12,17,26,15,19</childNodeGroup>
<lastSingletonAncestor>6</lastSingletonAncestor>
</node>
<node><parent>6</parent>
<nsuri>http://www.ibm.com/book-ns</nsuri>
<name>Title</name>
<id>7</id>
<compDiscId>http://www.ibm.com/book-ns Title http://www.w3.org/2001/XMLSchema:string</compDiscId>
<xsdType>http://www.w3.org/2001/XMLSchema:string</xsdType>
<totalCount>7</totalCount>
<docCount>3</docCount>
<minOcc>1</minOcc>
<maxOcc>1</maxOcc>
<minArity>0</minArity>
<maxArity>0</maxArity>
<creationTS>2012-12-11T16:53:39.951Z</creationTS>
<lastModTS>2012-12-11T16:53:39.951Z</lastModTS>
<childNodeGroup></childNodeGroup>
<lastSingletonAncestor>6</lastSingletonAncestor>
</node>
<node><parent>6</parent>
<nsuri>http://www.ibm.com/book-ns</nsuri>
<name>Editor</name>
<id>8</id>
<compDiscId>http://www.ibm.com/book-ns Editor http://www.w3.org/2001/XMLSchema:string</compDiscId>
<xsdType>http://www.w3.org/2001/XMLSchema:string</xsdType>
<totalCount>14</totalCount>
<docCount>3</docCount>
<minOcc>1</minOcc>
<maxOcc>3</maxOcc>
<minArity>0</minArity>
<maxArity>0</maxArity>
<creationTS>2012-12-11T16:53:39.951Z</creationTS>
<lastModTS>2012-12-11T16:53:39.951Z</lastModTS>
<childNodeGroup></childNodeGroup>
<lastSingletonAncestor>8</lastSingletonAncestor>
</node>
<node><parent>6</parent>
<nsuri>http://www.ibm.com/book-ns</nsuri>
<name>volumeInfo</name>
<id>9</id>
<compDiscId>http://www.ibm.com/book-ns volumeInfo VolumeInfo</compDiscId>
<xsdType>VolumeInfo</xsdType>
<totalCount>7</totalCount>
<docCount>3</docCount>
<minOcc>1</minOcc>
<maxOcc>1</maxOcc>
<minArity>2</minArity>
<maxArity>2</maxArity>
<creationTS>2012-12-11T16:53:39.951Z</creationTS>
<lastModTS>2012-12-11T16:53:39.951Z</lastModTS>
<childNodeGroup>11,10</childNodeGroup>
<lastSingletonAncestor>6</lastSingletonAncestor>
</node>
<node><parent>9</parent>
<nsuri>http://www.ibm.com/book-ns</nsuri>
<name>VolPubDate</name>
<id>10</id>
<compDiscId>http://www.ibm.com/book-ns VolPubDate http://www.w3.org/2001/XMLSchema:string</compDiscId>
<xsdType>http://www.w3.org/2001/XMLSchema:string</xsdType>
<totalCount>7</totalCount>
<docCount>3</docCount>
<minOcc>1</minOcc>
<maxOcc>1</maxOcc>
<minArity>0</minArity>
<maxArity>0</maxArity>
<creationTS>2012-12-11T16:53:39.951Z</creationTS>
<lastModTS>2012-12-11T16:53:39.951Z</lastModTS>
<childNodeGroup></childNodeGroup>
<lastSingletonAncestor>6</lastSingletonAncestor>
</node>
<node><parent>9</parent>
<nsuri>http://www.ibm.com/book-ns</nsuri>
<name>VolPubLoc</name>
<id>11</id>
<compDiscId>http://www.ibm.com/book-ns VolPubLoc http://www.w3.org/2001/XMLSchema:string</compDiscId>
<xsdType>http://www.w3.org/2001/XMLSchema:string</xsdType>
<totalCount>7</totalCount>
<docCount>3</docCount>
<minOcc>1</minOcc>
<maxOcc>1</maxOcc>
<minArity>0</minArity>
<maxArity>0</maxArity>
<creationTS>2012-12-11T16:53:39.951Z</creationTS>
<lastModTS>2012-12-11T16:53:39.951Z</lastModTS>
<childNodeGroup></childNodeGroup>
<lastSingletonAncestor>6</lastSingletonAncestor>
</node>
<node><parent>6</parent>
<nsuri>http://www.ibm.com/book-ns</nsuri>
<name>Section</name>
<id>12</id>
<compDiscId>http://www.ibm.com/book-ns Section Section Section^secType:MONO</compDiscId>
<xsdType>Section</xsdType>
<totalCount>11</totalCount>
<docCount>3</docCount>
<minOcc>1</minOcc>
<maxOcc>3</maxOcc>
<minArity>2</minArity>
<maxArity>3</maxArity>
<creationTS>2012-12-11T16:53:39.951Z</creationTS>
<lastModTS>2012-12-11T16:53:39.951Z</lastModTS>
<childNodeGroup>13,14</childNodeGroup>
<lastSingletonAncestor>12</lastSingletonAncestor>
<attr><namespace></namespace>
<localname>secType</localname>
<qname>secType</qname>
<type>String</type>
<origType>string</origType>
<origTypeNS>http://www.w3.org/2001/XMLSchema</origTypeNS>
<optional>N</optional>
</attr>
</node>
<node><parent>12</parent>
<nsuri>http://www.ibm.com/book-ns</nsuri>
<name>Title</name>
<id>13</id>
<compDiscId>http://www.ibm.com/book-ns Title http://www.w3.org/2001/XMLSchema:string</compDiscId>
<xsdType>http://www.w3.org/2001/XMLSchema:string</xsdType>
<totalCount>11</totalCount>
<docCount>3</docCount>
<minOcc>1</minOcc>
<maxOcc>1</maxOcc>
<minArity>0</minArity>
<maxArity>0</maxArity>
<creationTS>2012-12-11T16:53:39.951Z</creationTS>
<lastModTS>2012-12-11T16:53:39.951Z</lastModTS>
<childNodeGroup></childNodeGroup>
<lastSingletonAncestor>12</lastSingletonAncestor>
</node>
<node><parent>12</parent>
<nsuri>http://www.ibm.com/book-ns</nsuri>
<name>Author</name>
<id>14</id>
<compDiscId>http://www.ibm.com/book-ns Author http://www.w3.org/2001/XMLSchema:string</compDiscId>
<xsdType>http://www.w3.org/2001/XMLSchema:string</xsdType>
<totalCount>22</totalCount>
<docCount>3</docCount>
<minOcc>1</minOcc>
<maxOcc>4</maxOcc>
<minArity>0</minArity>
<maxArity>0</maxArity>
<creationTS>2012-12-11T16:53:39.951Z</creationTS>
<lastModTS>2012-12-11T16:53:39.951Z</lastModTS>
<childNodeGroup></childNodeGroup>
<lastSingletonAncestor>14</lastSingletonAncestor>
</node>
<node><parent>6</parent>
<nsuri>http://www.ibm.com/book-ns</nsuri>
<name>Media</name>
<id>15</id>
<compDiscId>http://www.ibm.com/book-ns Media Media Media^mediaType:DVD</compDiscId>
<xsdType>Media</xsdType>
<totalCount>8</totalCount>
<docCount>3</docCount>
<minOcc>0</minOcc>
<maxOcc>2</maxOcc>
<minArity>1</minArity>
<maxArity>1</maxArity>
<creationTS>2012-12-11T16:53:39.951Z</creationTS>
<lastModTS>2012-12-11T16:53:39.951Z</lastModTS>
<childNodeGroup>16</childNodeGroup>
<lastSingletonAncestor>15</lastSingletonAncestor>
<attr><namespace></namespace>
<localname>mediaType</localname>
<qname>mediaType</qname>
<type>String</type>
<origType>string</origType>
<origTypeNS>http://www.w3.org/2001/XMLSchema</origTypeNS>
<optional>N</optional>
</attr>
</node>
<node><parent>15</parent>
<nsuri>http://www.ibm.com/book-ns</nsuri>
<name>Title</name>
<id>16</id>
<compDiscId>http://www.ibm.com/book-ns Title http://www.w3.org/2001/XMLSchema:string</compDiscId>
<xsdType>http://www.w3.org/2001/XMLSchema:string</xsdType>
<totalCount>8</totalCount>
<docCount>3</docCount>
<minOcc>1</minOcc>
<maxOcc>1</maxOcc>
<minArity>0</minArity>
<maxArity>0</maxArity>
<creationTS>2012-12-11T16:53:39.951Z</creationTS>
<lastModTS>2012-12-11T16:53:39.951Z</lastModTS>
<childNodeGroup></childNodeGroup>
<lastSingletonAncestor>15</lastSingletonAncestor>
</node>
<node><parent>6</parent>
<nsuri>http://www.ibm.com/book-ns</nsuri>
<name>Media</name>
<id>17</id>
<compDiscId>http://www.ibm.com/book-ns Media Media Media^mediaType:SW</compDiscId>
<xsdType>Media</xsdType>
<totalCount>8</totalCount>
<docCount>3</docCount>
<minOcc>0</minOcc>
<maxOcc>2</maxOcc>
<minArity>1</minArity>
<maxArity>1</maxArity>
<creationTS>2012-12-11T16:53:39.951Z</creationTS>
<lastModTS>2012-12-11T16:53:39.951Z</lastModTS>
<childNodeGroup>18</childNodeGroup>
<lastSingletonAncestor>17</lastSingletonAncestor>
<attr><namespace></namespace>
<localname>mediaType</localname>
<qname>mediaType</qname>
<type>String</type>
<origType>string</origType>
<origTypeNS>http://www.w3.org/2001/XMLSchema</origTypeNS>
<optional>N</optional>
</attr>
</node>
<node><parent>17</parent>
<nsuri>http://www.ibm.com/book-ns</nsuri>
<name>Title</name>
<id>18</id>
<compDiscId>http://www.ibm.com/book-ns Title http://www.w3.org/2001/XMLSchema:string</compDiscId>
<xsdType>http://www.w3.org/2001/XMLSchema:string</xsdType>
<totalCount>8</totalCount>
<docCount>3</docCount>
<minOcc>1</minOcc>
<maxOcc>1</maxOcc>
<minArity>0</minArity>
<maxArity>0</maxArity>
<creationTS>2012-12-11T16:53:39.951Z</creationTS>
<lastModTS>2012-12-11T16:53:39.951Z</lastModTS>
<childNodeGroup></childNodeGroup>
<lastSingletonAncestor>17</lastSingletonAncestor>
</node>
<node><parent>6</parent>
<nsuri>http://www.ibm.com/book-ns</nsuri>
<name>Appendix</name>
<id>19</id>
<compDiscId>http://www.ibm.com/book-ns Appendix AppendixType</compDiscId>
<xsdType>AppendixType</xsdType>
<totalCount>8</totalCount>
<docCount>2</docCount>
<minOcc>0</minOcc>
<maxOcc>2</maxOcc>
<minArity>1</minArity>
<maxArity>1</maxArity>
<creationTS>2012-12-11T16:53:39.951Z</creationTS>
<lastModTS>2012-12-11T16:53:39.951Z</lastModTS>
<childNodeGroup>20||24</childNodeGroup>
<lastSingletonAncestor>19</lastSingletonAncestor>
</node>
<node><parent>19</parent>
<nsuri>http://www.ibm.com/book-ns</nsuri>
<name>Bibliography</name>
<id>20</id>
<compDiscId>http://www.ibm.com/book-ns Bibliography Bibliography</compDiscId>
<xsdType>Bibliography</xsdType>
<totalCount>4</totalCount>
<docCount>2</docCount>
<minOcc>0</minOcc>
<maxOcc>1</maxOcc>
<minArity>2</minArity>
<maxArity>2</maxArity>
<creationTS>2012-12-11T16:53:39.951Z</creationTS>
<lastModTS>2012-12-11T16:53:39.951Z</lastModTS>
<childNodeGroup>21</childNodeGroup>
<lastSingletonAncestor>6</lastSingletonAncestor>
</node>
<node><parent>20</parent>
<nsuri>http://www.ibm.com/book-ns</nsuri>
<name>entry</name>
<id>21</id>
<compDiscId>http://www.ibm.com/book-ns entry BibEntry</compDiscId>
<xsdType>BibEntry</xsdType>
<totalCount>8</totalCount>
<docCount>2</docCount>
<minOcc>2</minOcc>
<maxOcc>2</maxOcc>
<minArity>2</minArity>
<maxArity>2</maxArity>
<creationTS>2012-12-11T16:53:39.951Z</creationTS>
<lastModTS>2012-12-11T16:53:39.951Z</lastModTS>
<childNodeGroup>23,22</childNodeGroup>
<lastSingletonAncestor>21</lastSingletonAncestor>
</node>
<node><parent>21</parent>
<nsuri>http://www.ibm.com/book-ns</nsuri>
<name>Name</name>
<id>22</id>
<compDiscId>http://www.ibm.com/book-ns Name http://www.w3.org/2001/XMLSchema:string</compDiscId>
<xsdType>http://www.w3.org/2001/XMLSchema:string</xsdType>
<totalCount>8</totalCount>
<docCount>2</docCount>
<minOcc>1</minOcc>
<maxOcc>1</maxOcc>
<minArity>0</minArity>
<maxArity>0</maxArity>
<creationTS>2012-12-11T16:53:39.951Z</creationTS>
<lastModTS>2012-12-11T16:53:39.951Z</lastModTS>
<childNodeGroup></childNodeGroup>
<lastSingletonAncestor>21</lastSingletonAncestor>
</node>
<node><parent>21</parent>
<nsuri>http://www.ibm.com/book-ns</nsuri>
<name>Author</name>
<id>23</id>
<compDiscId>http://www.ibm.com/book-ns Author http://www.w3.org/2001/XMLSchema:string</compDiscId>
<xsdType>http://www.w3.org/2001/XMLSchema:string</xsdType>
<totalCount>8</totalCount>
<docCount>2</docCount>
<minOcc>1</minOcc>
<maxOcc>1</maxOcc>
<minArity>0</minArity>
<maxArity>0</maxArity>
<creationTS>2012-12-11T16:53:39.951Z</creationTS>
<lastModTS>2012-12-11T16:53:39.951Z</lastModTS>
<childNodeGroup></childNodeGroup>
<lastSingletonAncestor>21</lastSingletonAncestor>
</node>
<node><parent>19</parent>
<nsuri>http://www.ibm.com/book-ns</nsuri>
<name>References</name>
<id>24</id>
<compDiscId>http://www.ibm.com/book-ns References RefList</compDiscId>
<xsdType>RefList</xsdType>
<totalCount>4</totalCount>
<docCount>2</docCount>
<minOcc>0</minOcc>
<maxOcc>1</maxOcc>
<minArity>3</minArity>
<maxArity>3</maxArity>
<creationTS>2012-12-11T16:53:39.951Z</creationTS>
<lastModTS>2012-12-11T16:53:39.951Z</lastModTS>
<childNodeGroup>25</childNodeGroup>
<lastSingletonAncestor>6</lastSingletonAncestor>
</node>
<node><parent>24</parent>
<nsuri>http://www.ibm.com/book-ns</nsuri>
<name>Reference</name>
<id>25</id>
<compDiscId>http://www.ibm.com/book-ns Reference http://www.w3.org/2001/XMLSchema:string</compDiscId>
<xsdType>http://www.w3.org/2001/XMLSchema:string</xsdType>
<totalCount>12</totalCount>
<docCount>2</docCount>
<minOcc>3</minOcc>
<maxOcc>3</maxOcc>
<minArity>0</minArity>
<maxArity>0</maxArity>
<creationTS>2012-12-11T16:53:39.951Z</creationTS>
<lastModTS>2012-12-11T16:53:39.951Z</lastModTS>
<childNodeGroup></childNodeGroup>
<lastSingletonAncestor>25</lastSingletonAncestor>
</node>
<node><parent>6</parent>
<nsuri>http://www.ibm.com/book-ns</nsuri>
<name>Section</name>
<id>26</id>
<compDiscId>http://www.ibm.com/book-ns Section Section Section^secType:SURV</compDiscId>
<xsdType>Section</xsdType>
<totalCount>3</totalCount>
<docCount>2</docCount>
<minOcc>0</minOcc>
<maxOcc>2</maxOcc>
<minArity>5</minArity>
<maxArity>5</maxArity>
<creationTS>2012-12-11T16:53:39.951Z</creationTS>
<lastModTS>2012-12-11T16:53:39.951Z</lastModTS>
<childNodeGroup>29,28,27</childNodeGroup>
<lastSingletonAncestor>26</lastSingletonAncestor>
<attr><namespace></namespace>
<localname>secType</localname>
<qname>secType</qname>
<type>String</type>
<origType>string</origType>
<origTypeNS>http://www.w3.org/2001/XMLSchema</origTypeNS>
<optional>N</optional>
</attr>
</node>
<node><parent>26</parent>
<nsuri>http://www.ibm.com/book-ns</nsuri>
<name>Title</name>
<id>27</id>
<compDiscId>http://www.ibm.com/book-ns Title http://www.w3.org/2001/XMLSchema:string</compDiscId>
<xsdType>http://www.w3.org/2001/XMLSchema:string</xsdType>
<totalCount>3</totalCount>
<docCount>2</docCount>
<minOcc>1</minOcc>
<maxOcc>1</maxOcc>
<minArity>0</minArity>
<maxArity>0</maxArity>
<creationTS>2012-12-11T16:53:39.951Z</creationTS>
<lastModTS>2012-12-11T16:53:39.951Z</lastModTS>
<childNodeGroup></childNodeGroup>
<lastSingletonAncestor>26</lastSingletonAncestor>
</node>
<node><parent>26</parent>
<nsuri>http://www.ibm.com/book-ns</nsuri>
<name>Editor</name>
<id>28</id>
<compDiscId>http://www.ibm.com/book-ns Editor http://www.w3.org/2001/XMLSchema:string</compDiscId>
<xsdType>http://www.w3.org/2001/XMLSchema:string</xsdType>
<totalCount>6</totalCount>
<docCount>2</docCount>
<minOcc>2</minOcc>
<maxOcc>2</maxOcc>
<minArity>0</minArity>
<maxArity>0</maxArity>
<creationTS>2012-12-11T16:53:39.951Z</creationTS>
<lastModTS>2012-12-11T16:53:39.951Z</lastModTS>
<childNodeGroup></childNodeGroup>
<lastSingletonAncestor>28</lastSingletonAncestor>
</node>
<node><parent>26</parent>
<nsuri>http://www.ibm.com/book-ns</nsuri>
<name>Paper</name>
<id>29</id>
<compDiscId>http://www.ibm.com/book-ns Paper Paper</compDiscId>
<xsdType>Paper</xsdType>
<totalCount>6</totalCount>
<docCount>2</docCount>
<minOcc>2</minOcc>
<maxOcc>2</maxOcc>
<minArity>3</minArity>
<maxArity>3</maxArity>
<creationTS>2012-12-11T16:53:39.951Z</creationTS>
<lastModTS>2012-12-11T16:53:39.951Z</lastModTS>
<childNodeGroup>30,31</childNodeGroup>
<lastSingletonAncestor>29</lastSingletonAncestor>
</node>
<node><parent>29</parent>
<nsuri>http://www.ibm.com/book-ns</nsuri>
<name>Title</name>
<id>30</id>
<compDiscId>http://www.ibm.com/book-ns Title http://www.w3.org/2001/XMLSchema:string</compDiscId>
<xsdType>http://www.w3.org/2001/XMLSchema:string</xsdType>
<totalCount>6</totalCount>
<docCount>2</docCount>
<minOcc>1</minOcc>
<maxOcc>1</maxOcc>
<minArity>0</minArity>
<maxArity>0</maxArity>
<creationTS>2012-12-11T16:53:39.951Z</creationTS>
<lastModTS>2012-12-11T16:53:39.951Z</lastModTS>
<childNodeGroup></childNodeGroup>
<lastSingletonAncestor>29</lastSingletonAncestor>
</node>
<node><parent>29</parent>
<nsuri>http://www.ibm.com/book-ns</nsuri>
<name>Author</name>
<id>31</id>
<compDiscId>http://www.ibm.com/book-ns Author http://www.w3.org/2001/XMLSchema:string</compDiscId>
<xsdType>http://www.w3.org/2001/XMLSchema:string</xsdType>
<totalCount>12</totalCount>
<docCount>2</docCount>
<minOcc>2</minOcc>
<maxOcc>2</maxOcc>
<minArity>0</minArity>
<maxArity>0</maxArity>
<creationTS>2012-12-11T16:53:39.951Z</creationTS>
<lastModTS>2012-12-11T16:53:39.951Z</lastModTS>
<childNodeGroup></childNodeGroup>
<lastSingletonAncestor>31</lastSingletonAncestor>
</node>
</paths>
