<?xml version="1.0" encoding="UTF-8"?>
<structureMap xmlns="http://www.ibm.com/wmb/da">
<entry><nodeId>1</nodeId>
<coexistNodeIds>2:3,3:3,4:3,5:3,6:3,7:3,8:3,9:3,10:3,11:3,12:3,13:3,14:3,15:3,16:3,17:3,18:3,19:2,20:2,21:2,22:2,23:2,24:2,25:2,26:2,27:2,28:2,29:2,30:2,31:2</coexistNodeIds>
<totalCount>3</totalCount>
</entry>
<entry><nodeId>2</nodeId>
<coexistNodeIds>3:3,4:3,5:3,6:3,7:3,8:3,9:3,10:3,11:3,12:3,13:3,14:3,15:3,16:3,17:3,18:3,19:2,20:2,21:2,22:2,23:2,24:2,25:2,26:2,27:2,28:2,29:2,30:2,31:2</coexistNodeIds>
<totalCount>3</totalCount>
</entry>
<entry><nodeId>3</nodeId>
<coexistNodeIds>2:3,4:3,5:3,6:3,7:3,8:3,9:3,10:3,11:3,12:3,13:3,14:3,15:3,16:3,17:3,18:3,19:2,20:2,21:2,22:2,23:2,24:2,25:2,26:2,27:2,28:2,29:2,30:2,31:2</coexistNodeIds>
<totalCount>3</totalCount>
</entry>
<entry><nodeId>4</nodeId>
<coexistNodeIds>2:3,5:3,6:3,7:3,8:3,9:3,10:3,11:3,12:3,13:3,14:3,15:3,16:3,17:3,18:3,19:2,20:2,21:2,22:2,23:2,24:2,25:2,26:2,27:2,28:2,29:2,30:2,31:2</coexistNodeIds>
<totalCount>3</totalCount>
</entry>
<entry><nodeId>5</nodeId>
<coexistNodeIds>2:3,4:3,6:3,7:3,8:3,9:3,10:3,11:3,12:3,13:3,14:3,15:3,16:3,17:3,18:3,19:2,20:2,21:2,22:2,23:2,24:2,25:2,26:2,27:2,28:2,29:2,30:2,31:2</coexistNodeIds>
<totalCount>3</totalCount>
</entry>
<entry><nodeId>6</nodeId>
<coexistNodeIds>2:3,3:3,4:3,5:3,7:3,8:3,9:3,10:3,11:3,12:3,13:3,14:3,15:3,16:3,17:3,18:3,19:2,20:2,21:2,22:2,23:2,24:2,25:2,26:2,27:2,28:2,29:2,30:2,31:2</coexistNodeIds>
<totalCount>3</totalCount>
</entry>
<entry><nodeId>7</nodeId>
<coexistNodeIds>2:3,3:3,4:3,5:3,8:3,9:3,10:3,11:3,12:3,13:3,14:3,15:3,16:3,17:3,18:3,19:2,20:2,21:2,22:2,23:2,24:2,25:2,26:2,27:2,28:2,29:2,30:2,31:2</coexistNodeIds>
<totalCount>3</totalCount>
</entry>
<entry><nodeId>8</nodeId>
<coexistNodeIds>2:3,3:3,4:3,5:3,7:3,9:3,10:3,11:3,12:3,13:3,14:3,15:3,16:3,17:3,18:3,19:2,20:2,21:2,22:2,23:2,24:2,25:2,26:2,27:2,28:2,29:2,30:2,31:2</coexistNodeIds>
<totalCount>3</totalCount>
</entry>
<entry><nodeId>9</nodeId>
<coexistNodeIds>2:3,3:3,4:3,5:3,7:3,8:3,10:3,11:3,12:3,13:3,14:3,15:3,16:3,17:3,18:3,19:2,20:2,21:2,22:2,23:2,24:2,25:2,26:2,27:2,28:2,29:2,30:2,31:2</coexistNodeIds>
<totalCount>3</totalCount>
</entry>
<entry><nodeId>10</nodeId>
<coexistNodeIds>2:3,3:3,4:3,5:3,7:3,8:3,11:3,12:3,13:3,14:3,15:3,16:3,17:3,18:3,19:2,20:2,21:2,22:2,23:2,24:2,25:2,26:2,27:2,28:2,29:2,30:2,31:2</coexistNodeIds>
<totalCount>3</totalCount>
</entry>
<entry><nodeId>11</nodeId>
<coexistNodeIds>2:3,3:3,4:3,5:3,7:3,8:3,10:3,12:3,13:3,14:3,15:3,16:3,17:3,18:3,19:2,20:2,21:2,22:2,23:2,24:2,25:2,26:2,27:2,28:2,29:2,30:2,31:2</coexistNodeIds>
<totalCount>3</totalCount>
</entry>
<entry><nodeId>12</nodeId>
<coexistNodeIds>2:3,3:3,4:3,5:3,7:3,8:3,9:3,10:3,11:3,13:3,14:3,15:3,16:3,17:3,18:3,19:2,20:2,21:2,22:2,23:2,24:2,25:2,26:2,27:2,28:2,29:2,30:2,31:2</coexistNodeIds>
<totalCount>3</totalCount>
</entry>
<entry><nodeId>13</nodeId>
<coexistNodeIds>2:3,3:3,4:3,5:3,7:3,8:3,9:3,10:3,11:3,14:3,15:3,16:3,17:3,18:3,19:2,20:2,21:2,22:2,23:2,24:2,25:2,26:2,27:2,28:2,29:2,30:2,31:2</coexistNodeIds>
<totalCount>3</totalCount>
</entry>
<entry><nodeId>14</nodeId>
<coexistNodeIds>2:3,3:3,4:3,5:3,7:3,8:3,9:3,10:3,11:3,13:3,15:3,16:3,17:3,18:3,19:2,20:2,21:2,22:2,23:2,24:2,25:2,26:2,27:2,28:2,29:2,30:2,31:2</coexistNodeIds>
<totalCount>3</totalCount>
</entry>
<entry><nodeId>15</nodeId>
<coexistNodeIds>2:3,3:3,4:3,5:3,7:3,8:3,9:3,10:3,11:3,12:3,13:3,14:3,16:3,17:3,18:3,19:2,20:2,21:2,22:2,23:2,24:2,25:2,26:2,27:2,28:2,29:2,30:2,31:2</coexistNodeIds>
<totalCount>3</totalCount>
</entry>
<entry><nodeId>16</nodeId>
<coexistNodeIds>2:3,3:3,4:3,5:3,7:3,8:3,9:3,10:3,11:3,12:3,13:3,14:3,17:3,18:3,19:2,20:2,21:2,22:2,23:2,24:2,25:2,26:2,27:2,28:2,29:2,30:2,31:2</coexistNodeIds>
<totalCount>3</totalCount>
</entry>
<entry><nodeId>17</nodeId>
<coexistNodeIds>2:3,3:3,4:3,5:3,7:3,8:3,9:3,10:3,11:3,12:3,13:3,14:3,15:3,16:3,18:3,19:2,20:2,21:2,22:2,23:2,24:2,25:2,26:2,27:2,28:2,29:2,30:2,31:2</coexistNodeIds>
<totalCount>3</totalCount>
</entry>
<entry><nodeId>18</nodeId>
<coexistNodeIds>2:3,3:3,4:3,5:3,7:3,8:3,9:3,10:3,11:3,12:3,13:3,14:3,15:3,16:3,19:2,20:2,21:2,22:2,23:2,24:2,25:2,26:2,27:2,28:2,29:2,30:2,31:2</coexistNodeIds>
<totalCount>3</totalCount>
</entry>
<entry><nodeId>19</nodeId>
<coexistNodeIds>2:2,3:2,4:2,5:2,7:2,8:2,9:2,10:2,11:2,12:2,13:2,14:2,15:2,16:2,17:2,18:2,20:2,21:2,22:2,23:2,24:2,25:2,26:2,27:2,28:2,29:2,30:2,31:2</coexistNodeIds>
<totalCount>2</totalCount>
</entry>
<entry><nodeId>20</nodeId>
<coexistNodeIds>2:2,3:2,4:2,5:2,7:2,8:2,9:2,10:2,11:2,12:2,13:2,14:2,15:2,16:2,17:2,18:2,21:2,22:2,23:2,24:2,25:2,26:2,27:2,28:2,29:2,30:2,31:2</coexistNodeIds>
<totalCount>2</totalCount>
</entry>
<entry><nodeId>21</nodeId>
<coexistNodeIds>2:2,3:2,4:2,5:2,7:2,8:2,9:2,10:2,11:2,12:2,13:2,14:2,15:2,16:2,17:2,18:2,22:2,23:2,24:2,25:2,26:2,27:2,28:2,29:2,30:2,31:2</coexistNodeIds>
<totalCount>2</totalCount>
</entry>
<entry><nodeId>22</nodeId>
<coexistNodeIds>2:2,3:2,4:2,5:2,7:2,8:2,9:2,10:2,11:2,12:2,13:2,14:2,15:2,16:2,17:2,18:2,23:2,24:2,25:2,26:2,27:2,28:2,29:2,30:2,31:2</coexistNodeIds>
<totalCount>2</totalCount>
</entry>
<entry><nodeId>23</nodeId>
<coexistNodeIds>2:2,3:2,4:2,5:2,7:2,8:2,9:2,10:2,11:2,12:2,13:2,14:2,15:2,16:2,17:2,18:2,22:2,24:2,25:2,26:2,27:2,28:2,29:2,30:2,31:2</coexistNodeIds>
<totalCount>2</totalCount>
</entry>
<entry><nodeId>24</nodeId>
<coexistNodeIds>2:2,3:2,4:2,5:2,7:2,8:2,9:2,10:2,11:2,12:2,13:2,14:2,15:2,16:2,17:2,18:2,20:2,21:2,22:2,23:2,25:2,26:2,27:2,28:2,29:2,30:2,31:2</coexistNodeIds>
<totalCount>2</totalCount>
</entry>
<entry><nodeId>25</nodeId>
<coexistNodeIds>2:2,3:2,4:2,5:2,7:2,8:2,9:2,10:2,11:2,12:2,13:2,14:2,15:2,16:2,17:2,18:2,20:2,21:2,22:2,23:2,26:2,27:2,28:2,29:2,30:2,31:2</coexistNodeIds>
<totalCount>2</totalCount>
</entry>
<entry><nodeId>26</nodeId>
<coexistNodeIds>2:2,3:2,4:2,5:2,7:2,8:2,9:2,10:2,11:2,12:2,13:2,14:2,15:2,16:2,17:2,18:2,19:2,20:2,21:2,22:2,23:2,24:2,25:2,27:2,28:2,29:2,30:2,31:2</coexistNodeIds>
<totalCount>2</totalCount>
</entry>
<entry><nodeId>27</nodeId>
<coexistNodeIds>2:2,3:2,4:2,5:2,7:2,8:2,9:2,10:2,11:2,12:2,13:2,14:2,15:2,16:2,17:2,18:2,19:2,20:2,21:2,22:2,23:2,24:2,25:2,28:2,29:2,30:2,31:2</coexistNodeIds>
<totalCount>2</totalCount>
</entry>
<entry><nodeId>28</nodeId>
<coexistNodeIds>2:2,3:2,4:2,5:2,7:2,8:2,9:2,10:2,11:2,12:2,13:2,14:2,15:2,16:2,17:2,18:2,19:2,20:2,21:2,22:2,23:2,24:2,25:2,27:2,29:2,30:2,31:2</coexistNodeIds>
<totalCount>2</totalCount>
</entry>
<entry><nodeId>29</nodeId>
<coexistNodeIds>2:2,3:2,4:2,5:2,7:2,8:2,9:2,10:2,11:2,12:2,13:2,14:2,15:2,16:2,17:2,18:2,19:2,20:2,21:2,22:2,23:2,24:2,25:2,27:2,28:2,30:2,31:2</coexistNodeIds>
<totalCount>2</totalCount>
</entry>
<entry><nodeId>30</nodeId>
<coexistNodeIds>2:2,3:2,4:2,5:2,7:2,8:2,9:2,10:2,11:2,12:2,13:2,14:2,15:2,16:2,17:2,18:2,19:2,20:2,21:2,22:2,23:2,24:2,25:2,27:2,28:2,31:2</coexistNodeIds>
<totalCount>2</totalCount>
</entry>
<entry><nodeId>31</nodeId>
<coexistNodeIds>2:2,3:2,4:2,5:2,7:2,8:2,9:2,10:2,11:2,12:2,13:2,14:2,15:2,16:2,17:2,18:2,19:2,20:2,21:2,22:2,23:2,24:2,25:2,27:2,28:2,30:2</coexistNodeIds>
<totalCount>2</totalCount>
</entry>
</structureMap>
