<StoreSale>
	<StoreCode>1</StoreCode>
	<Operator>123</Operator>
	<Date>2011-06-01</Date>
	<Time>10:10:10</Time>
	<Customer>John</Customer>
	<NumItems>12</NumItems>
	<Item>
		<ItemCode>123</ItemCode>
		<Price>0.20</Price>
		<Quantity>5</Quantity>
	</Item>
	<Item>
		<ItemCode>124</ItemCode>
		<Price>2.20</Price>
		<Quantity>7</Quantity>
	</Item>
	<ItemDescription>
		<ItemCode>123</ItemCode>
		<Description>Type A</Description>
	</ItemDescription>
	<ItemDescription>
		<ItemCode>124</ItemCode>
		<Description>Type B</Description>
	</ItemDescription>
	<Total>16.40</Total>
</StoreSale>
