<?xml version="1.0" encoding="UTF-8"?>
<BookSeries xmlns="http://www.ibm.com/book-ns" xmlns:xsi="http://www.w3.org/2001/XMLSchema-instance"
	xsi:schemaLocation="book-ns BookSeries.xsd">
	<Title>Agent Systems Approaches</Title>
	<seriesInfo>
		<Editor>D. Matrix</Editor>
		<PubDate>2001</PubDate>
	</seriesInfo>
	<Volume>
		<Title>Agent Agents Everywhere</Title>
		<Editor>B. Suspicious</Editor>
		<Editor>I.M Paranoid</Editor>
		<volumeInfo>
			<VolPubDate>2001</VolPubDate>
			<VolPubLoc>London, UK</VolPubLoc>
		</volumeInfo>
		<Section secType='MONO'>
			<Title>Hide and Seek: Is The Truth Really Out There?</Title>
			<Author>D. Large</Author>
			<Author>V. Little</Author>
		</Section>
		<Section secType='MONO'>
			<Title>Agents For Healthcare</Title>
			<Author>B. Serious</Author>
			<Author>S. Frankly</Author>
		</Section>
		<Media mediaType='DVD'>
			<Title>Agent Architectures</Title>
		</Media>
		<Media mediaType='DVD'>
			<Title>Agent Systems For Humanity</Title>
		</Media>
		<Media mediaType='SW'>
			<Title>Developing Agents in Software</Title>
		</Media>
		<Media mediaType='SW'>
			<Title>Java Based Agent Systems</Title>
		</Media>
	</Volume>	
	<Volume>
		<Title>Agent Systems In a Nutshell</Title>
		<Editor>J. Anderson</Editor>
		<volumeInfo>
			<VolPubDate>1999</VolPubDate>
			<VolPubLoc>Anchorage, AK</VolPubLoc>
		</volumeInfo>
		<Section secType='MONO'>
			<Title>Why Three Rules are not Enough</Title>
			<Author>B. Counting</Author>
		</Section>			
	</Volume>		
	<Volume>
		<Title>Emergent Behaviours</Title>
		<Editor>J. Lazyman</Editor>
		<volumeInfo>
			<VolPubDate>1999</VolPubDate>
			<VolPubLoc>Anchorage, AK</VolPubLoc>
		</volumeInfo>			
		<Section secType='MONO'>
			<Title>Hitting the Potential Field Boundary</Title>
			<Author>A. Bifurcation</Author>
		</Section>			
	</Volume>
</BookSeries>
