<xsd:element name="TransactionRecord11_Sub">
   <xsd:annotation>
      <xsd:appinfo source="WMQI_APPINFO">
         <tdsElemRep
            dataPattern="([&amp;#x00AA;-&amp;#x00EF;]|[&amp;#x00FA;-&amp;#x00FE;]):([^&quot;]|(&quot;+[^&quot;,\r])|(&quot;+,[^&quot;])|(&quot;+\r[^&quot;\n])|(&quot;+:&quot;))*"
            messageSetDefaultRep="TLOGRAW" precision="-1"/>
         <tdsInclRep
            dataPattern="([&amp;#x00AA;-&amp;#x00EF;]|[&amp;#x00FA;-&amp;#x00FE;]):([^&quot;]|(&quot;+[^&quot;,\r])|(&quot;+,[^&quot;])|(&quot;+\r[^&quot;\n])|(&quot;+:&quot;))*" messageSetDefaultRep="TLOGRAW"/>
      </xsd:appinfo>
   </xsd:annotation>
   <xsd:complexType>
      <xsd:annotation>
         <xsd:appinfo source="WMQI_APPINFO">
            <tdsStructRep dataElementSeparation="AllElementsDelimited"
                delimiter=":"
                messageSetDefaultRep="TLOGRAW"
                observeElementLength="true" suppressAbsentElementDelimiters="Never"/>
         </xsd:appinfo>
      </xsd:annotation>
      <xsd:sequence maxOccurs="1" minOccurs="1">
         <xsd:element  name="SubStringType" type="xsd:string">
            <xsd:annotation>
               <xsd:appinfo source="WMQI_APPINFO">
                  <tdsElemRep
                     justification="leftJustify"
                     messageSetDefaultRep="TLOGRAW"
                     paddingCharacter="0x0"
                     precision="-1" render="MessagingStandardAlternate"/>
               </xsd:appinfo>
            </xsd:annotation>
         </xsd:element>
         <xsd:sequence maxOccurs="unbounded" minOccurs="0">
            <xsd:annotation>
               <xsd:appinfo source="WMQI_APPINFO">
                  <tdsStructRep dataElementSeparation="UseDataPattern" messageSetDefaultRep="TLOGRAW"/>
                  <tdsInclRep messageSetDefaultRep="TLOGRAW" repeatingElementDelimiter=":"/>
               </xsd:appinfo>
            </xsd:annotation>
            <xsd:element minOccurs="0" name="CustomUserField" type="xsd:string">
               <xsd:annotation>
                  <xsd:appinfo source="WMQI_APPINFO">
                     <tdsElemRep
                         dataPattern="(([^:&quot;])|(&quot;[^,\r])|(&quot;,[^&quot;])|(&quot;\r[^\n]))*"
                         justification="leftJustify"
                         messageSetDefaultRep="TLOGRAW"
                         paddingCharacter="0x0"
                         precision="-1" render="MessagingStandardAlternate"/>
                     <tdsInclRep
                         dataPattern="(([^:&quot;])|(&quot;[^,\r])|(&quot;,[^&quot;])|(&quot;\r[^\n]))*" messageSetDefaultRep="TLOGRAW"/>
                  </xsd:appinfo>
               </xsd:annotation>
            </xsd:element>
         </xsd:sequence>
      </xsd:sequence>
   </xsd:complexType>
</xsd:element>
