                    <xsd:element maxOccurs="1" minOccurs="1" name="TransactionRecord13">
                        <xsd:complexType>
                            <xsd:annotation>
                                <xsd:appinfo source="WMQI_APPINFO">
                                    <MRComplexType content="closed"/>
                                    <tdsStructRep
                                    dataElementSeparation="AllElementsDelimited"
                                    delimiter=":"
                                    groupIndicator="&lt;u+0013&gt;:"
                                    messageSetDefaultRep="TLOGRAW"
                                    observeElementLength="true" suppressAbsentElementDelimiters="EndOfType"/>
                                </xsd:appinfo>
                            </xsd:annotation>
                            <xsd:sequence>
                                <xsd:element maxOccurs="1" minOccurs="1"
                                    name="NumberOfLoans" type="xsd:decimal">
                                    <xsd:annotation>
                                    <xsd:appinfo source="WMQI_APPINFO">
                                    <tdsElemRep
                                    justification="rightJustify"
                                    length="2"
                                    messageSetDefaultRep="TLOGRAW"
                                    paddingCharacter="0x0" precision="-1"/>
                                    </xsd:appinfo>
                                    </xsd:annotation>
                                </xsd:element>
                                <xsd:element maxOccurs="1" minOccurs="1"
                                    name="AmountLoans" type="xsd:decimal">
                                    <xsd:annotation>
                                    <xsd:appinfo source="WMQI_APPINFO">
                                    <tdsElemRep
                                    justification="rightJustify"
                                    length="4"
                                    messageSetDefaultRep="TLOGRAW"
                                    paddingCharacter="0x0" precision="-1"/>
                                    </xsd:appinfo>
                                    </xsd:annotation>
                                </xsd:element>
                                <xsd:element maxOccurs="1" minOccurs="1"
                                    name="NumberOfPickups" type="xsd:decimal">
                                    <xsd:annotation>
                                    <xsd:appinfo source="WMQI_APPINFO">
                                    <tdsElemRep
                                    justification="rightJustify"
                                    length="2"
                                    messageSetDefaultRep="TLOGRAW"
                                    paddingCharacter="0x0" precision="-1"/>
                                    </xsd:appinfo>
                                    </xsd:annotation>
                                </xsd:element>
                                <xsd:element maxOccurs="1" minOccurs="1"
                                    name="AmountPickups" type="xsd:decimal">
                                    <xsd:annotation>
                                    <xsd:appinfo source="WMQI_APPINFO">
                                    <tdsElemRep
                                    justification="rightJustify"
                                    length="4"
                                    messageSetDefaultRep="TLOGRAW"
                                    paddingCharacter="0x0" precision="-1"/>
                                    </xsd:appinfo>
                                    </xsd:annotation>
                                </xsd:element>
                                <xsd:sequence maxOccurs="8" minOccurs="0">
                                    <xsd:annotation>
                                    <xsd:appinfo source="WMQI_APPINFO">
                                    <tdsStructRep
                                    dataElementSeparation="UseDataPattern" messageSetDefaultRep="TLOGRAW"/>
                                    <tdsInclRep
                                    messageSetDefaultRep="TLOGRAW" repeatingElementDelimiter=":"/>
                                    </xsd:appinfo>
                                    </xsd:annotation>
                                    <xsd:sequence maxOccurs="1" minOccurs="1">
                                    <xsd:annotation>
                                    <xsd:appinfo source="WMQI_APPINFO">
                                    <tdsStructRep
                                    dataElementSeparation="AllElementsDelimited"
                                    delimiter=":"
                                    messageSetDefaultRep="TLOGRAW" suppressAbsentElementDelimiters="Never"/>
                                    <tdsInclRep
                                    dataPattern="[&amp;#x0B;-&amp;#x56;]:(([^:&quot;])|(&quot;[^,\r])|(&quot;,[^&quot;])|(&quot;\r[^\n]))*"
                                    messageSetDefaultRep="TLOGRAW" repeatingElementDelimiter=""/>
                                    </xsd:appinfo>
                                    </xsd:annotation>
                                    <xsd:element maxOccurs="1"
                                    minOccurs="1"
                                    name="TenderType" type="xsd:decimal">
                                    <xsd:annotation>
                                    <xsd:appinfo source="WMQI_APPINFO">
                                    <tdsElemRep
                                    dataPattern=""
                                    justification="rightJustify"
                                    length="1"
                                    messageSetDefaultRep="TLOGRAW" precision="-1"/>
                                    <tdsInclRep
                                    dataPattern="" messageSetDefaultRep="TLOGRAW"/>
                                    </xsd:appinfo>
                                    </xsd:annotation>
                                    </xsd:element>
                                    <xsd:element maxOccurs="1"
                                    minOccurs="1"
                                    name="TenderAmount" type="xsd:decimal">
                                    <xsd:annotation>
                                    <xsd:appinfo source="WMQI_APPINFO">
                                    <tdsElemRep
                                    dataPattern=""
                                    justification="rightJustify"
                                    length="4"
                                    messageSetDefaultRep="TLOGRAW"
                                    paddingCharacter="0x0" precision="-1"/>
                                    <tdsInclRep
                                    dataPattern="" messageSetDefaultRep="TLOGRAW"/>
                                    </xsd:appinfo>
                                    </xsd:annotation>
                                    </xsd:element>
                                    </xsd:sequence>
                                </xsd:sequence>
                                <xsd:element maxOccurs="1" minOccurs="1"
                                    name="Negative" type="xsd:decimal">
                                    <xsd:annotation>
                                    <xsd:appinfo source="WMQI_APPINFO">
                                    <tdsElemRep
                                    dataPattern="[&amp;#x5F;-&amp;#x63;]"
                                    justification="rightJustify"
                                    length="1"
                                    messageSetDefaultRep="TLOGRAW" precision="-1"/>
                                    <tdsInclRep
                                    dataPattern="[&amp;#x5F;-&amp;#x63;]" messageSetDefaultRep="TLOGRAW"/>
                                    </xsd:appinfo>
                                    </xsd:annotation>
                                </xsd:element>
                                <xsd:sequence maxOccurs="8" minOccurs="0">
                                    <xsd:annotation>
                                    <xsd:appinfo source="WMQI_APPINFO">
                                    <tdsStructRep
                                    dataElementSeparation="UseDataPattern" messageSetDefaultRep="TLOGRAW"/>
                                    <tdsInclRep
                                    messageSetDefaultRep="TLOGRAW" repeatingElementDelimiter=":"/>
                                    </xsd:appinfo>
                                    </xsd:annotation>
                                    <xsd:sequence maxOccurs="1" minOccurs="1">
                                    <xsd:annotation>
                                    <xsd:appinfo source="WMQI_APPINFO">
                                    <tdsStructRep
                                    dataElementSeparation="AllElementsDelimited"
                                    delimiter=":" messageSetDefaultRep="TLOGRAW"/>
                                    <tdsInclRep
                                    dataPattern="[&amp;#x0B;-&amp;#x56;]:(([^:&quot;])|(&quot;[^,\r])|(&quot;,[^&quot;])|(&quot;\r[^\n]))*" messageSetDefaultRep="TLOGRAW"/>
                                    </xsd:appinfo>
                                    </xsd:annotation>
                                    <xsd:element maxOccurs="1"
                                    minOccurs="1"
                                    name="NegativeTenderType" type="xsd:decimal">
                                    <xsd:annotation>
                                    <xsd:appinfo source="WMQI_APPINFO">
                                    <tdsElemRep
                                    justification="rightJustify"
                                    length="1"
                                    messageSetDefaultRep="TLOGRAW"
                                    paddingCharacter="0x0" precision="-1"/>
                                    </xsd:appinfo>
                                    </xsd:annotation>
                                    </xsd:element>
                                    <xsd:element maxOccurs="1"
                                    minOccurs="1"
                                    name="NegativeTenderAmount" type="xsd:decimal">
                                    <xsd:annotation>
                                    <xsd:appinfo source="WMQI_APPINFO">
                                    <tdsElemRep
                                    justification="rightJustify"
                                    length="4"
                                    messageSetDefaultRep="TLOGRAW"
                                    paddingCharacter="0x0" precision="-1"/>
                                    </xsd:appinfo>
                                    </xsd:annotation>
                                    </xsd:element>
                                    </xsd:sequence>
                                </xsd:sequence>
                                <xsd:sequence maxOccurs="unbounded" minOccurs="0">
                                    <xsd:annotation>
                                    <xsd:appinfo source="WMQI_APPINFO">
                                    <tdsStructRep
                                    dataElementSeparation="UseDataPattern"
                                    delimiter=":"
                                    messageSetDefaultRep="TLOGRAW" suppressAbsentElementDelimiters="Never"/>
                                    <tdsInclRep dataPattern=""
                                    messageSetDefaultRep="TLOGRAW" repeatingElementDelimiter=":"/>
                                    </xsd:appinfo>
                                    </xsd:annotation>
                                    <xsd:element minOccurs="0"
                                    name="CustomUserField"
                                    nillable="true" type="xsd:string">
                                    <xsd:annotation>
                                    <xsd:appinfo source="WMQI_APPINFO">
                                    <tdsElemRep
                                    dataPattern="(([^:&quot;])|(&quot;[^,\r])|(&quot;,[^&quot;])|(&quot;\r[^\n]))*"
                                    justification="leftJustify"
                                    length="0"
                                    messageSetDefaultRep="TLOGRAW"
                                    paddingCharacter="0x0"
                                    precision="-1" render="MessagingStandardAlternate"/>
                                    <tdsInclRep
                                    dataPattern="(([^:&quot;])|(&quot;[^,\r])|(&quot;,[^&quot;])|(&quot;\r[^\n]))*"
                                    messageSetDefaultRep="TLOGRAW" repeatingElementDelimiter=""/>
                                    </xsd:appinfo>
                                    </xsd:annotation>
                                    </xsd:element>
                                </xsd:sequence>
                            </xsd:sequence>
                        </xsd:complexType>
                    </xsd:element>
