    <xsd:annotation>
        <xsd:appinfo source="WMQI_APPINFO">
        <MRComplexType content="closed"/>
        <tdsStructRep dataElementSeparation="TaggedDelimited" delimiter=":" groupIndicator="" messageSetDefaultRep="TLOGRAW" suppressAbsentElementDelimiters="Never" tagLength="1"/>
        </xsd:appinfo>
    </xsd:annotation>
    <xsd:choice>
        <xsd:sequence maxOccurs="1" minOccurs="0">
        <xsd:annotation>
        <xsd:appinfo source="WMQI_APPINFO">
        <tdsStructRep dataElementSeparation="AllElementsDelimited" delimiter=":" groupIndicator="&lt;u+0000&gt;:&lt;u+00#&gt;:" messageSetDefaultRep="TLOGRAW" observeElementLength="true" suppressAbsentElementDelimiters="Never"/>
        </xsd:appinfo>
        </xsd:annotation>
        <xsd:group ref="Record99_0_#Contents"/>
        </xsd:sequence>
        <xsd:sequence maxOccurs="1" minOccurs="0">
        <xsd:annotation>
        <xsd:appinfo source="WMQI_APPINFO">
        <tdsStructRep dataElementSeparation="AllElementsDelimited" delimiter=":" groupIndicator="&lt;u+00f0&gt;:&lt;u+00#&gt;:" groupTerminator="" messageSetDefaultRep="TLOGRAW" observeElementLength="true" suppressAbsentElementDelimiters="Never"/>
        </xsd:appinfo>
        </xsd:annotation>
        <xsd:group ref="Record99_0_#Contents"/>
        </xsd:sequence>
    </xsd:choice>
