<xsd:element minOccurs="0" name="CustomerSpecificData">
    <xsd:complexType>
        <xsd:sequence maxOccurs="1" minOccurs="1">
            <xsd:element name="StoreNumber" type="xsd:string">
                <xsd:annotation>
                    <xsd:appinfo source="WMQI_APPINFO">
                    <tdsElemRep
                    justification="leftJustify"
                    length="1"
                    messageSetDefaultRep="TLOGRAW" precision="-1"/>
                    </xsd:appinfo>
                </xsd:annotation>
            </xsd:element>
            <xsd:element name="StoreName" type="xsd:string">
                <xsd:annotation>
                    <xsd:appinfo source="WMQI_APPINFO">
                    <tdsElemRep
                    justification="leftJustify"
                    length="1"
                    messageSetDefaultRep="TLOGRAW" precision="-1"/>
                    </xsd:appinfo>
                </xsd:annotation>
            </xsd:element>
            <xsd:element name="CurrencyCode" type="xsd:string">
                <xsd:annotation>
                    <xsd:appinfo source="WMQI_APPINFO">
                    <tdsElemRep
                    justification="leftJustify"
                    length="1"
                    messageSetDefaultRep="TLOGRAW" precision="-1"/>
                    </xsd:appinfo>
                </xsd:annotation>
            </xsd:element>
            <xsd:element name="CustomerTaxAuthorityA" type="xsd:string">
                <xsd:annotation>
                    <xsd:appinfo source="WMQI_APPINFO">
                    <tdsElemRep
                    justification="leftJustify"
                    length="1"
                    messageSetDefaultRep="TLOGRAW" precision="-1"/>
                    </xsd:appinfo>
                </xsd:annotation>
            </xsd:element>
            <xsd:element name="CustomerTaxAuthorityB" type="xsd:string">
                <xsd:annotation>
                    <xsd:appinfo source="WMQI_APPINFO">
                    <tdsElemRep
                    justification="leftJustify"
                    length="1"
                    messageSetDefaultRep="TLOGRAW" precision="-1"/>
                    </xsd:appinfo>
                </xsd:annotation>
            </xsd:element>
            <xsd:element name="CustomerTaxAuthorityC" type="xsd:string">
                <xsd:annotation>
                    <xsd:appinfo source="WMQI_APPINFO">
                    <tdsElemRep
                    justification="leftJustify"
                    length="1"
                    messageSetDefaultRep="TLOGRAW" precision="-1"/>
                    </xsd:appinfo>
                </xsd:annotation>
            </xsd:element>
            <xsd:element name="CustomerTaxAuthorityD" type="xsd:string">
                <xsd:annotation>
                    <xsd:appinfo source="WMQI_APPINFO">
                    <tdsElemRep
                    justification="leftJustify"
                    length="1"
                    messageSetDefaultRep="TLOGRAW" precision="-1"/>
                    </xsd:appinfo>
                </xsd:annotation>
            </xsd:element>
            <xsd:element
                name="CustomerItemSpecificTaxAuthority" type="xsd:string">
                <xsd:annotation>
                    <xsd:appinfo source="WMQI_APPINFO">
                    <tdsElemRep
                    justification="leftJustify"
                    length="1"
                    messageSetDefaultRep="TLOGRAW" precision="-1"/>
                    </xsd:appinfo>
                </xsd:annotation>
            </xsd:element>
            <xsd:element name="UnitOfMeasureCode" type="xsd:string">
                <xsd:annotation>
                    <xsd:appinfo source="WMQI_APPINFO">
                    <tdsElemRep
                    justification="leftJustify"
                    length="1"
                    messageSetDefaultRep="TLOGRAW" precision="-1"/>
                    </xsd:appinfo>
                </xsd:annotation>
            </xsd:element>
            <xsd:element name="DisposalMethod" type="xsd:string">
                <xsd:annotation>
                    <xsd:appinfo source="WMQI_APPINFO">
                    <tdsElemRep
                    justification="leftJustify"
                    length="1"
                    messageSetDefaultRep="TLOGRAW" precision="-1"/>
                    </xsd:appinfo>
                </xsd:annotation>
            </xsd:element>
            <xsd:element name="CurrencyFormatString" type="xsd:string">
                <xsd:annotation>
                    <xsd:appinfo source="WMQI_APPINFO">
                    <tdsElemRep
                    justification="leftJustify"
                    length="1"
                    messageSetDefaultRep="TLOGRAW" precision="-1"/>
                    </xsd:appinfo>
                </xsd:annotation>
            </xsd:element>
            <xsd:element name="CurrencyFormatName" type="xsd:string">
                <xsd:annotation>
                    <xsd:appinfo source="WMQI_APPINFO">
                    <tdsElemRep
                    justification="leftJustify"
                    length="1"
                    messageSetDefaultRep="TLOGRAW" precision="-1"/>
                    </xsd:appinfo>
                </xsd:annotation>
            </xsd:element>
        </xsd:sequence>
    </xsd:complexType>
</xsd:element>