                    <xsd:element maxOccurs="1" minOccurs="1" name="TransactionRecord15">
                        <xsd:complexType>
                            <xsd:annotation>
                                <xsd:appinfo source="WMQI_APPINFO">
                                    <MRComplexType content="closed"/>
                                    <tdsStructRep
                                    dataElementSeparation="AllElementsDelimited"
                                    delimiter=":"
                                    groupIndicator="&lt;u+0015&gt;:"
                                    messageSetDefaultRep="TLOGRAW"
                                    observeElementLength="true" suppressAbsentElementDelimiters="Never"/>
                                </xsd:appinfo>
                            </xsd:annotation>
                            <xsd:sequence>
                                <xsd:sequence maxOccurs="unbounded" minOccurs="0">
                                    <xsd:annotation>
                                    <xsd:appinfo source="WMQI_APPINFO">
                                    <tdsStructRep
                                    dataElementSeparation="UseDataPattern"
                                    delimiter=":"
                                    messageSetDefaultRep="TLOGRAW" suppressAbsentElementDelimiters="Never"/>
                                    <tdsInclRep dataPattern=""
                                    messageSetDefaultRep="TLOGRAW" repeatingElementDelimiter=":"/>
                                    </xsd:appinfo>
                                    </xsd:annotation>
                                    <xsd:element minOccurs="0"
                                    name="User"
                                    nillable="true" type="xsd:string">
                                    <xsd:annotation>
                                    <xsd:appinfo source="WMQI_APPINFO">
                                    <tdsElemRep
                                    dataPattern="(([^:&quot;])|(&quot;[^,\r])|(&quot;,[^&quot;])|(&quot;\r[^\n]))*"
                                    justification="leftJustify"
                                    length="0"
                                    messageSetDefaultRep="TLOGRAW"
                                    paddingCharacter="0x0"
                                    precision="-1" render="MessagingStandardAlternate"/>
                                    <tdsInclRep
                                    dataPattern="(([^:&quot;])|(&quot;[^,\r])|(&quot;,[^&quot;])|(&quot;\r[^\n]))*"
                                    messageSetDefaultRep="TLOGRAW" repeatingElementDelimiter=""/>
                                    </xsd:appinfo>
                                    </xsd:annotation>
                                    </xsd:element>
                                </xsd:sequence>
                            </xsd:sequence>
                        </xsd:complexType>
                    </xsd:element>
