<?xml version="1.0" encoding="UTF-8"?>
<NS1:SaleListMessage xmlns:NS1="http://www.samplemessage.brokertest.hursley.ibm.com">
  <NS1:SaleEnvelope>
    <NS1:Header>
      <NS1:SaleListCount>1</NS1:SaleListCount>
    </NS1:Header>
    <NS1:SaleList>
      <NS1:Invoice>
        <NS1:Initial>K</NS1:Initial>
        <NS1:Initial>A</NS1:Initial>
        <NS1:Surname>Braithwaite</NS1:Surname>
        <NS1:Item>
          <NS1:Code>00</NS1:Code>
          <NS1:Code>01</NS1:Code>
          <NS1:Code>02</NS1:Code>
          <NS1:Description>Twister</NS1:Description>
          <NS1:Category>Games</NS1:Category>
          <NS1:Price>00.30</NS1:Price>
          <NS1:Quantity>01</NS1:Quantity>
        </NS1:Item>
        <NS1:Item>
          <NS1:Code>02</NS1:Code>
          <NS1:Code>03</NS1:Code>
          <NS1:Code>01</NS1:Code>
          <NS1:Description>The Times Newspaper</NS1:Description>
          <NS1:Category>Books and Media</NS1:Category>
          <NS1:Price>00.20</NS1:Price>
          <NS1:Quantity>01</NS1:Quantity>
        </NS1:Item>
        <NS1:Balance>00.50</NS1:Balance>
        <NS1:Currency>GBP</NS1:Currency>
      </NS1:Invoice>
      <NS1:Invoice>
        <NS1:Initial>T</NS1:Initial>
        <NS1:Initial>J</NS1:Initial>
        <NS1:Surname>Dunnwin</NS1:Surname>
        <NS1:Item>
          <NS1:Code>04</NS1:Code>
          <NS1:Code>05</NS1:Code>
          <NS1:Code>01</NS1:Code>
          <NS1:Description>The Origin of Species</NS1:Description>
          <NS1:Category>Books and Media</NS1:Category>
          <NS1:Price>22.34</NS1:Price>
          <NS1:Quantity>02</NS1:Quantity>
        </NS1:Item>
        <NS1:Item>
          <NS1:Code>06</NS1:Code>
          <NS1:Code>07</NS1:Code>
          <NS1:Code>01</NS1:Code>
          <NS1:Description>Microscope</NS1:Description>
          <NS1:Category>Miscellaneous</NS1:Category>
          <NS1:Price>36.20</NS1:Price>
          <NS1:Quantity>01</NS1:Quantity>
        </NS1:Item>
        <NS1:Balance>81.84</NS1:Balance>
        <NS1:Currency>EUR</NS1:Currency>
      </NS1:Invoice>
    </NS1:SaleList>
    <NS1:Trailer>
      <NS1:CompletionTime>2000-01-01 00:00:01.000000</NS1:CompletionTime>
    </NS1:Trailer>
  </NS1:SaleEnvelope>
</NS1:SaleListMessage>
