<?xml version="1.0" encoding="UTF-8"?>
<emd:discoveryService xmlns:emd="commonj.connector"
	xmlns:j2ee="http://java.sun.com/xml/ns/j2ee"
	xmlns:xsi="http://www.w3.org/2001/XMLSchema-instance">
	<j2ee:description>TwineBall EMD Adapter</j2ee:description>
	<j2ee:display-name>TwineBall EMD Adapter</j2ee:display-name>
	<emd:vendor-name xsi:type="j2ee:xsdStringType">IBM</emd:vendor-name>
	<emd:version xsi:type="j2ee:xsdStringType">6.0.0</emd:version>
	<emd:spec-version>1.1</emd:spec-version>
	<emd:discoveryService-class
		xsi:type="j2ee:fully-qualified-classType">
		com.ibm.j2ca.sample.twineball.emd.discovery.TwineBallMetadataDiscovery
	</emd:discoveryService-class>
	<emd:metadataEdit-class xsi:type="j2ee:fully-qualified-classType">
		com.ibm.j2ca.sample.twineball.emd.discovery.TwineBallMetadataEdit
	</emd:metadataEdit-class>
	<emd:application-specific-schema>
		<j2ee:description>Twineball ASI schema</j2ee:description>
		<j2ee:display-name>Twineball ASI schema</j2ee:display-name>
		<emd:asiNSURI>
			http://www.ibm.com/xmlns/prod/websphere/j2ca/twineball/metadata
		</emd:asiNSURI>
		<emd:asiSchemaLocation>TwineBallASI.xsd</emd:asiSchemaLocation>
	</emd:application-specific-schema>
</emd:discoveryService>
