<?xml version="1.0" encoding="UTF-8"?>
<connector version="1.5" xmlns="http://java.sun.com/xml/ns/j2ee" xmlns:xsi="http://www.w3.org/2001/XMLSchema-instance" xsi:schemaLocation="http://java.sun.com/xml/ns/j2ee  http://java.sun.com/xml/ns/j2ee/connector_1_5.xsd">
	<display-name>TwineBallConnector</display-name>
	<vendor-name>IBM</vendor-name>
	<eis-type>TwineBall</eis-type>
	<resourceadapter-version>7.0</resourceadapter-version>
	<license>
		<description></description>
		<license-required>true</license-required>
	</license>
	<resourceadapter>
		<resourceadapter-class>com.ibm.j2ca.sample.twineball.TwineBallResourceAdapter</resourceadapter-class>
<config-property>
<config-property-name>EDTSchema</config-property-name>
			<config-property-type>java.lang.String</config-property-type>
			<config-property-value>
						</config-property-value>
</config-property>
		<config-property>
			<config-property-name>EDTUserPassword</config-property-name>
			<config-property-type>java.lang.String</config-property-type>
			<config-property-value></config-property-value>
</config-property>
		<config-property>
			<config-property-name>EDTUserName</config-property-name>
			<config-property-type>java.lang.String</config-property-type>
			<config-property-value></config-property-value>
</config-property>
		<config-property>
			<config-property-name>EDTTableName</config-property-name>
			<config-property-type>java.lang.String</config-property-type>
			<config-property-value></config-property-value>
</config-property>
		<config-property>
			<config-property-name>EDTDatabaseName</config-property-name>
			<config-property-type>java.lang.String</config-property-type>
			<config-property-value></config-property-value>
</config-property>
		<config-property>
			<config-property-name>EDTDriverName</config-property-name>
			<config-property-type>java.lang.String</config-property-type>
			<config-property-value></config-property-value>
</config-property>
		<config-property>
			<config-property-name>EDTURL</config-property-name>
			<config-property-type>java.lang.String</config-property-type>
			<config-property-value></config-property-value>
</config-property>
		<config-property>
			<config-property-name>PollPeriod</config-property-name>
			<config-property-type>java.lang.String</config-property-type>
			<config-property-value>5000</config-property-value>
</config-property>
		<config-property>
			<config-property-name>PollQuantity</config-property-name>
			<config-property-type>java.lang.String</config-property-type>
			<config-property-value>1</config-property-value>
</config-property>


<outbound-resourceadapter>
			<connection-definition>
				<managedconnectionfactory-class>com.ibm.j2ca.sample.twineball.outbound.TwineBallManagedConnectionFactory</managedconnectionfactory-class>
				<!-- ManagedConnectionfactory default configuration properties -->
				<config-property>
					<config-property-name>ServerName</config-property-name>
					<config-property-type>java.lang.String</config-property-type>
					<config-property-value>localhost</config-property-value>
				</config-property>
				<config-property>
					<config-property-name>UserName</config-property-name>
					<config-property-type>java.lang.String</config-property-type>
					<config-property-value></config-property-value>
				</config-property>
				<config-property>
					<config-property-name>Password</config-property-name>
					<config-property-type>java.lang.String</config-property-type>
					<config-property-value></config-property-value>
				</config-property>
				<config-property>
					<config-property-name>Protocol</config-property-name>
					<config-property-type>java.lang.String</config-property-type>
					<config-property-value>imap</config-property-value>
				</config-property>
				<connectionfactory-interface>javax.resource.cci.ConnectionFactory</connectionfactory-interface>
				<connectionfactory-impl-class>com.ibm.j2ca.sample.twineball.outbound.TwineBallConnectionFactory</connectionfactory-impl-class>
				<connection-interface>javax.resource.cci.Connection</connection-interface>
				<connection-impl-class>com.ibm.j2ca.sample.twineball.outbound.TwineBallConnection</connection-impl-class>
			</connection-definition>
			<transaction-support>NoTransaction</transaction-support>
			<authentication-mechanism>
				<authentication-mechanism-type>BasicPassword</authentication-mechanism-type>
				<credential-interface>javax.resource.spi.security.PasswordCredential</credential-interface>
			</authentication-mechanism>
			<reauthentication-support>false</reauthentication-support>
		</outbound-resourceadapter>
		<inbound-resourceadapter>
			<messageadapter>
				<messagelistener>
					<messagelistener-type>commonj.connector.InboundListener</messagelistener-type>
					<activationspec>
						<activationspec-class>com.ibm.j2ca.sample.twineball.inbound.TwineBallActivationSpecWithXid</activationspec-class>
						<!-- required config property names for ActivationSpec -->
					</activationspec>
				</messagelistener>

			</messageadapter>
		</inbound-resourceadapter>
    <security-permission>
      <security-permission-spec>
      grant {
          permission java.net.SocketPermission "*", "resolve";
      };
      </security-permission-spec>
    </security-permission>
    <security-permission>
      <security-permission-spec>
      grant {
          permission java.util.PropertyPermission "*", "read, write";
      };
      </security-permission-spec>
    </security-permission>
    <security-permission>
      <security-permission-spec>
      grant {
          permission java.lang.RuntimePermission "loadLibrary.*";
      };
      </security-permission-spec>
    </security-permission>
    <security-permission>
      <security-permission-spec>
      grant {
          permission java.lang.RuntimePermission "shutdownHooks";
      };
      </security-permission-spec>
    </security-permission>
    <security-permission>
      <security-permission-spec>
      grant {
          permission java.io.FilePermission "javamail.address.map", "read";
      };
      </security-permission-spec>
    </security-permission>
    <security-permission>
      <security-permission-spec>
      grant {
          permission java.io.FilePermission "javamail.providers", "read";
      };
      </security-permission-spec>
    </security-permission>
   
    <security-permission>
      <security-permission-spec>
      grant {
          permission java.io.FilePermission "*", "read, write";
      };
      </security-permission-spec>
    </security-permission>
    <security-permission>
      <security-permission-spec>
      grant {
          permission java.lang.RuntimePermission "modifyThread";
      };
      </security-permission-spec>
    </security-permission>
    <security-permission>
      <security-permission-spec>
      grant {
          permission java.lang.RuntimePermission "modifyThreadGroup";
      };
      </security-permission-spec>
    </security-permission>
    <security-permission>
      <security-permission-spec>
      grant {
          permission java.lang.RuntimePermission "readFileDescriptor";
      };
      </security-permission-spec>
    </security-permission>
    <security-permission>
      <security-permission-spec>
      grant {
          permission java.lang.RuntimePermission "writeFileDescriptor";
      };
      </security-permission-spec>
    </security-permission>
    <security-permission>
      <security-permission-spec>
      grant {
          permission javax.security.auth.PrivateCredentialPermission "javax.resource.spi.security.PasswordCredential * \"*\" ","read";
      };
      </security-permission-spec>
    </security-permission>
		
	</resourceadapter>
</connector>
