<OrderList>
	<StartPoint>a</StartPoint>
	<InvoiceCount>5</InvoiceCount>
	<ItemCount>10</ItemCount>
	<Inventory>
		<Item>
			<ItemType>1</ItemType>
			<ItemCode>aa</ItemCode>
			<Description>aa item description</Description>
			<Price>101</Price>
			<Category>aa item category</Category>
		</Item>
		<Item>
			<ItemType>2</ItemType>
			<ItemCode>bb</ItemCode>
			<Description>bb item description</Description>
			<Price>2</Price>
			<Category>bb item category</Category>
		</Item>
		<Item>
			<ItemType>1</ItemType>
			<ItemCode>cc</ItemCode>
			<Description>cc item description</Description>
			<Price>33</Price>
			<Category>cc item category</Category>
		</Item>
		<Item>
			<ItemType>2</ItemType>
			<ItemCode>dd</ItemCode>
			<Description>dd item description</Description>
			<Price>44</Price>
			<Category>dd item category</Category>
		</Item>
		<Item>
			<ItemType>1</ItemType>
			<ItemCode>ee</ItemCode>
			<Description>ee item description</Description>
			<Price>55</Price>
			<Category>ee item category</Category>
		</Item>
		<Item>
			<ItemType>2</ItemType>
			<ItemCode>ff</ItemCode>
			<Description>ff item description</Description>
			<Price>66</Price>
			<Category>ff item category</Category>
		</Item>
		<Item>
			<ItemType>1</ItemType>
			<ItemCode>gg</ItemCode>
			<Description>gg item description</Description>
			<Price>77</Price>
			<Category>gg item category</Category>
		</Item>
		<Item>
			<ItemType>2</ItemType>
			<ItemCode>hh</ItemCode>
			<Description>hh item description</Description>
			<Price>88</Price>
			<Category>hh item category</Category>
		</Item>
		<Item>
			<ItemType>1</ItemType>
			<ItemCode>ii</ItemCode>
			<Description>ii item description</Description>
			<Price>99</Price>
			<Category>ii item category</Category>
		</Item>
		<Item>
			<ItemType>2</ItemType>
			<ItemCode>jj</ItemCode>
			<Description>jj item description</Description>
			<Price>100</Price>
			<Category>jj item category</Category>
		</Item>
	</Inventory>
	<SaleList>
		<Invoice>
			<InvoiceHeader>
				<CustomerInitial>i</CustomerInitial>
				<CustomerInitial>I</CustomerInitial>
				<Surname>CustmerSurname</Surname>
			</InvoiceHeader>
			<Items>
				<Item>
					<ItemCode>aa</ItemCode>
					<Quantity>1</Quantity>
				</Item>
				<Item>
					<ItemCode>bb</ItemCode>
					<Quantity>1</Quantity>
				</Item>
				<Item>
					<ItemCode>cc</ItemCode>
					<Quantity>1</Quantity>
				</Item>
				<Item>
					<ItemCode>dd</ItemCode>
					<Quantity>1</Quantity>
				</Item>
				<Item>
					<ItemCode>ee</ItemCode>
					<Quantity>1</Quantity>
				</Item>
				<Item>
					<ItemCode>ff</ItemCode>
					<Quantity>1</Quantity>
				</Item>
				<Item>
					<ItemCode>gg</ItemCode>
					<Quantity>1</Quantity>
				</Item>
				<Item>
					<ItemCode>hh</ItemCode>
					<Quantity>1</Quantity>
				</Item>
				<Item>
					<ItemCode>ii</ItemCode>
					<Quantity>1</Quantity>
				</Item>
				<Item>
					<ItemCode>jj</ItemCode>
					<Quantity>1</Quantity>
				</Item>
			</Items>
		</Invoice>
		<Invoice>
			<InvoiceHeader>
				<CustomerInitial>A</CustomerInitial>
				<CustomerInitial>J</CustomerInitial>
				<Surname>Smith</Surname>
			</InvoiceHeader>
			<Items>
				<Item>
					<ItemCode>aa</ItemCode>
					<Quantity>2</Quantity>
				</Item>
				<Item>
					<ItemCode>bb</ItemCode>
					<Quantity>2</Quantity>
				</Item>
				<Item>
					<ItemCode>cc</ItemCode>
					<Quantity>2</Quantity>
				</Item>
				<Item>
					<ItemCode>dd</ItemCode>
					<Quantity>2</Quantity>
				</Item>
				<Item>
					<ItemCode>ee</ItemCode>
					<Quantity>2</Quantity>
				</Item>
				<Item>
					<ItemCode>ff</ItemCode>
					<Quantity>2</Quantity>
				</Item>
				<Item>
					<ItemCode>gg</ItemCode>
					<Quantity>2</Quantity>
				</Item>
				<Item>
					<ItemCode>hh</ItemCode>
					<Quantity>2</Quantity>
				</Item>
				<Item>
					<ItemCode>ii</ItemCode>
					<Quantity>2</Quantity>
				</Item>
				<Item>
					<ItemCode>jj</ItemCode>
					<Quantity>2</Quantity>
				</Item>
			</Items>
		</Invoice>
		<Invoice>
			<InvoiceHeader>
				<CustomerInitial>a</CustomerInitial>
				<CustomerInitial>a</CustomerInitial>
				<Surname>aaaaaaaaaaaaaaaaaaaa</Surname>
			</InvoiceHeader>
			<Items>
				<Item>
					<ItemCode>aa</ItemCode>
					<Quantity>1</Quantity>
				</Item>
				<Item>
					<ItemCode>aa</ItemCode>
					<Quantity>1</Quantity>
				</Item>
				<Item>
					<ItemCode>aa</ItemCode>
					<Quantity>1</Quantity>
				</Item>
				<Item>
					<ItemCode>aa</ItemCode>
					<Quantity>1</Quantity>
				</Item>
				<Item>
					<ItemCode>aa</ItemCode>
					<Quantity>1</Quantity>
				</Item>
				<Item>
					<ItemCode>aa</ItemCode>
					<Quantity>1</Quantity>
				</Item>
				<Item>
					<ItemCode>aa</ItemCode>
					<Quantity>1</Quantity>
				</Item>
				<Item>
					<ItemCode>aa</ItemCode>
					<Quantity>1</Quantity>
				</Item>
				<Item>
					<ItemCode>aa</ItemCode>
					<Quantity>1</Quantity>
				</Item>
				<Item>
					<ItemCode>aa</ItemCode>
					<Quantity>1</Quantity>
				</Item>
			</Items>
		</Invoice>
		<Invoice>
			<InvoiceHeader>
				<CustomerInitial>a</CustomerInitial>
				<CustomerInitial>a</CustomerInitial>
				<Surname>aaaaaaaaaaaaaaaaaaaa</Surname>
			</InvoiceHeader>
			<Items>
				<Item>
					<ItemCode>aa</ItemCode>
					<Quantity>1</Quantity>
				</Item>
				<Item>
					<ItemCode>aa</ItemCode>
					<Quantity>1</Quantity>
				</Item>
				<Item>
					<ItemCode>aa</ItemCode>
					<Quantity>1</Quantity>
				</Item>
				<Item>
					<ItemCode>aa</ItemCode>
					<Quantity>1</Quantity>
				</Item>
				<Item>
					<ItemCode>aa</ItemCode>
					<Quantity>1</Quantity>
				</Item>
				<Item>
					<ItemCode>aa</ItemCode>
					<Quantity>1</Quantity>
				</Item>
				<Item>
					<ItemCode>aa</ItemCode>
					<Quantity>1</Quantity>
				</Item>
				<Item>
					<ItemCode>aa</ItemCode>
					<Quantity>1</Quantity>
				</Item>
				<Item>
					<ItemCode>aa</ItemCode>
					<Quantity>1</Quantity>
				</Item>
				<Item>
					<ItemCode>aa</ItemCode>
					<Quantity>1</Quantity>
				</Item>
			</Items>
		</Invoice>
		<Invoice>
			<InvoiceHeader>
				<CustomerInitial>a</CustomerInitial>
				<CustomerInitial>a</CustomerInitial>
				<Surname>aaaaaaaaaaaaaaaaaaaa</Surname>
			</InvoiceHeader>
			<Items>
				<Item>
					<ItemCode>aa</ItemCode>
					<Quantity>1</Quantity>
				</Item>
				<Item>
					<ItemCode>aa</ItemCode>
					<Quantity>1</Quantity>
				</Item>
				<Item>
					<ItemCode>aa</ItemCode>
					<Quantity>1</Quantity>
				</Item>
				<Item>
					<ItemCode>aa</ItemCode>
					<Quantity>1</Quantity>
				</Item>
				<Item>
					<ItemCode>aa</ItemCode>
					<Quantity>1</Quantity>
				</Item>
				<Item>
					<ItemCode>aa</ItemCode>
					<Quantity>1</Quantity>
				</Item>
				<Item>
					<ItemCode>aa</ItemCode>
					<Quantity>1</Quantity>
				</Item>
				<Item>
					<ItemCode>aa</ItemCode>
					<Quantity>1</Quantity>
				</Item>
				<Item>
					<ItemCode>aa</ItemCode>
					<Quantity>1</Quantity>
				</Item>
				<Item>
					<ItemCode>aa</ItemCode>
					<Quantity>1</Quantity>
				</Item>
			</Items>
		</Invoice>
	</SaleList>
	<PointOfSaleType>1</PointOfSaleType>
	<PointOfSale1>
		<TillNumber>999999999</TillNumber>
		<fill_0>aaaaaaaaaaaaaaaaaaaa</fill_0>
	</PointOfSale1>
</OrderList>