<?xml version="1.0" encoding="UTF-8"?>
<p:monitoringProfile p:version="2.0" xmlns:p="http://www.ibm.com/xmlns/prod/websphere/messagebroker/6.1.0.3/monitoring/profile" xmlns:xsi="http://www.w3.org/2001/XMLSchema-instance" xsi:schemaLocation="MonitoringProfile.xsd ">
  <p:eventSource p:enabled="true" p:eventSourceAddress="">
    <p:eventPointDataQuery>
      <p:eventIdentity>
        <p:eventName p:literal="" p:queryText="">
          <p:prefixMapping p:URI="" p:prefix=""/>
        </p:eventName>
      </p:eventIdentity>
      <p:eventCorrelation>
        <p:localTransactionId p:queryText="" p:sourceOfId="automatic">
          <p:prefixMapping p:URI="" p:prefix=""/>
        </p:localTransactionId>
        <p:parentTransactionId p:queryText="" p:sourceOfId="automatic">
          <p:prefixMapping p:URI="" p:prefix=""/>
        </p:parentTransactionId>
        <p:globalTransactionId p:queryText="" p:sourceOfId="automatic">
          <p:prefixMapping p:URI="" p:prefix=""/>
        </p:globalTransactionId>
      </p:eventCorrelation>
      <p:eventSequence p:name="creationTime"/>
    </p:eventPointDataQuery>
    <p:applicationDataQuery>
      <p:simpleContent p:dataType="boolean" p:name="" p:targetNamespace="">
        <p:valueQuery p:queryText="" xsi:type="p:queryType">
          <p:prefixMapping p:URI="" p:prefix=""/>
        </p:valueQuery>
      </p:simpleContent>
      <p:complexContent p:name="" p:targetNamespace="">
        <p:payloadQuery p:queryText="" xsi:type="p:queryType">
          <p:prefixMapping p:URI="" p:prefix=""/>
        </p:payloadQuery>
      </p:complexContent>
    </p:applicationDataQuery>
    <p:bitstreamDataQuery p:bitstreamContent="none" p:encoding="none"/>
  </p:eventSource>
</p:monitoringProfile>
