<?xml version="1.0" encoding="UTF-8"?>
<PO:purchaseOrder xmlns:PO="http://www.ibm.com/ProcessOrder" xmlns:xsi="http://www.w3.org/2001/XMLSchema-instance" xsi:schemaLocation="http://www.ibm.com/ProcessOrder totalPOInstance.xsd ">
  <PO:purchaseOrderID>88889999</PO:purchaseOrderID>
  <PO:customerID>888888</PO:customerID>
  <PO:customerType>REGULAR</PO:customerType>
  <PO:items>
    <PO:item>
      <PO:partNum>0239232</PO:partNum>
      <PO:productName>compost</PO:productName>
      <PO:quantity>10</PO:quantity>
      <PO:price>4.99</PO:price>
    </PO:item>
    <PO:item>
      <PO:partNum>0512845</PO:partNum>
      <PO:productName>lawnfeed</PO:productName>
      <PO:quantity>5</PO:quantity>
      <PO:price>9.99</PO:price>
    </PO:item>
  </PO:items>
</PO:purchaseOrder>