<?xml version="1.0" encoding="UTF-8"?>
<PO:purchaseOrder xmlns:PO="http://www.ibm.com/ProcessOrder" xmlns:xsi="http://www.w3.org/2001/XMLSchema-instance" xsi:schemaLocation="http://www.ibm.com/ProcessOrder totalPOInstance.xsd ">
  <PO:purchaseOrderID>99990000</PO:purchaseOrderID>
  <PO:customerID>999999</PO:customerID>
  <PO:customerType>GOLD</PO:customerType>
  <PO:items>
    <PO:item>
      <PO:partNum>0481257</PO:partNum>
      <PO:productName>spade</PO:productName>
      <PO:quantity>5</PO:quantity>
      <PO:price>19.99</PO:price>
    </PO:item>
    <PO:item>
      <PO:partNum>0451481</PO:partNum>
      <PO:productName>lawnmower</PO:productName>
      <PO:quantity>4</PO:quantity>
      <PO:price>79.99</PO:price>
    </PO:item>
    <PO:item>
      <PO:partNum>0251892</PO:partNum>
      <PO:productName>sand</PO:productName>
      <PO:quantity>5</PO:quantity>
      <PO:price>5.99</PO:price>
    </PO:item>
  </PO:items>
</PO:purchaseOrder>