<?xml version="1.0" encoding="UTF-8"?>
<PO:purchaseOrder xmlns:PO="http://www.ibm.com/ProcessOrder" xmlns:xsi="http://www.w3.org/2001/XMLSchema-instance" xsi:schemaLocation="http://www.ibm.com/ProcessOrder totalPOInstance.xsd ">
  <PO:purchaseOrderID>66667777</PO:purchaseOrderID>
  <PO:customerID>666666</PO:customerID>
  <PO:customerType>GUEST</PO:customerType>
  <PO:items>
    <PO:item>
      <PO:partNum>0481257</PO:partNum>
      <PO:productName>spade</PO:productName>
      <PO:quantity>15</PO:quantity>
      <PO:price>19.99</PO:price>
    </PO:item>
    <PO:item>
      <PO:partNum>0512845</PO:partNum>
      <PO:productName>lawnfeed</PO:productName>
      <PO:quantity>15</PO:quantity>
      <PO:price>9.99</PO:price>
    </PO:item>
    <PO:item>
      <PO:partNum>0451481</PO:partNum>
      <PO:productName>lawnmower</PO:productName>
      <PO:quantity>5</PO:quantity>
      <PO:price>79.99</PO:price>
    </PO:item>
    <PO:item>
      <PO:partNum>0239232</PO:partNum>
      <PO:productName>compost</PO:productName>
      <PO:quantity>14</PO:quantity>
      <PO:price>4.99</PO:price>
    </PO:item>
  </PO:items>
</PO:purchaseOrder>